0,1,2,3,4,5,6,7,8,9,10,11,12
3.11E+06,-30.000,-30.000,-30.000,-30.000,-30.000,-30.000,0.0,0.0,0.0,0.0,-30.000,-30.000
3.21E+06,-4.388,39.113,51.612,-4.388,39.113,51.612,9,9.7,9,9.3,-30.000,-30.000
3.31E+06,-3.308,40.193,52.727,-3.308,40.193,52.727,9,6.2,9,1.5,-30.000,-30.000
3.41E+06,-3.317,40.184,53.007,-3.317,40.184,53.007,8,8.8,8,4.8,-30.000,-30.000
3.51E+06,-3.306,40.195,53.179,-3.306,40.195,53.179,8,2.5,7,9.0,-30.000,-30.000
3.61E+06,-3.296,40.205,53.304,-3.296,40.205,53.304,7,7.0,7,3.9,-30.000,-30.000
3.71E+06,-3.266,40.235,53.408,-3.266,40.235,53.408,7,2.1,6,9.5,-30.000,-30.000
3.81E+06,-3.277,40.223,53.489,-3.277,40.223,53.489,6,7.9,6,5.5,-30.000,-30.000
3.91E+06,-3.269,40.232,53.559,-3.269,40.232,53.559,6,4.1,6,1.9,-30.000,-30.000
4.01E+06,-3.266,40.235,53.620,-3.266,40.235,53.620,6,0.7,5,8.8,-30.000,-30.000
4.11E+06,-3.269,40.232,53.672,-3.269,40.232,53.672,5,7.7,5,6.0,-30.000,-30.000
4.21E+06,-3.265,40.236,53.720,-3.265,40.236,53.720,5,5.0,5,3.5,-30.000,-30.000
4.31E+06,-3.262,40.239,53.763,-3.262,40.239,53.763,5,2.5,5,1.2,-30.000,-30.000
4.41E+06,-3.258,40.243,53.803,-3.258,40.243,53.803,5,0.3,4,9.1,-30.000,-30.000
4.51E+06,-3.255,40.246,53.839,-3.255,40.246,53.839,4,8.3,4,7.1,-30.000,-30.000
4.61E+06,-3.251,40.249,53.873,-3.251,40.249,53.873,4,6.4,4,5.4,-30.000,-30.000
4.71E+06,-3.227,40.274,53.906,-3.495,40.006,53.891,4,4.7,4,3.7,-30.000,-30.000
4.81E+06,-3.245,40.255,53.936,-30.000,-30.000,53.891,4,3.1,4,2.2,-30.000,-30.000
4.91E+06,-3.243,40.258,53.964,-30.000,-30.000,53.891,4,1.7,4,0.8,-30.000,-30.000
5.01E+06,-3.249,40.252,53.989,-30.000,-30.000,53.891,4,0.3,3,9.5,-30.000,-30.000
5.11E+06,-3.263,40.238,54.013,-30.000,-30.000,53.891,3,9.1,3,8.4,-30.000,-30.000
5.21E+06,-3.264,40.237,54.035,-30.000,-30.000,53.891,3,7.9,3,7.3,-30.000,-30.000
5.31E+06,-3.243,40.258,54.058,-30.000,-30.000,53.891,3,6.9,3,6.3,-30.000,-30.000
5.41E+06,-3.266,40.235,54.078,-30.000,-30.000,53.891,3,5.9,3,5.3,-30.000,-30.000
5.51E+06,-3.267,40.234,54.097,-3.693,39.808,53.902,3,5.0,3,4.4,-30.000,-30.000
5.61E+06,-3.267,40.234,54.115,-3.267,40.234,53.931,3,4.1,3,3.6,-30.000,-30.000
5.71E+06,-3.268,40.233,54.133,-3.268,40.233,53.957,3,3.3,3,2.8,-30.000,-30.000
5.81E+06,-3.269,40.232,54.150,-3.269,40.232,53.982,3,2.5,3,2.0,-30.000,-30.000
5.91E+06,-3.267,40.234,54.166,-3.267,40.234,54.006,3,1.7,3,1.3,-30.000,-30.000
6.01E+06,-3.267,40.234,54.182,-3.267,40.234,54.029,3,1.0,3,0.6,-30.000,-30.000
6.11E+06,-3.268,40.233,54.197,-3.268,40.233,54.050,3,0.4,3,0.0,-30.000,-30.000
6.21E+06,-3.268,40.233,54.212,-3.268,40.233,54.071,2,9.7,2,9.4,-30.000,-30.000
6.31E+06,-3.268,40.233,54.226,-3.268,40.233,54.090,2,9.1,2,8.8,-30.000,-30.000
6.41E+06,-3.269,40.232,54.240,-3.269,40.232,54.109,2,8.6,2,8.2,-30.000,-30.000
6.51E+06,-3.269,40.232,54.253,-3.269,40.232,54.126,2,8.0,2,7.7,-30.000,-30.000
6.61E+06,-3.269,40.232,54.266,-3.404,40.097,54.139,2,7.5,2,7.2,-30.000,-30.000
6.71E+06,-3.270,40.231,54.278,-30.000,-30.000,54.139,2,7.0,2,6.7,-30.000,-30.000
6.81E+06,-3.270,40.231,54.290,-30.000,-30.000,54.139,2,6.5,2,6.2,-30.000,-30.000
6.91E+06,-3.271,40.230,54.302,-30.000,-30.000,54.139,2,6.0,2,5.8,-30.000,-30.000
7.01E+06,-3.271,40.230,54.314,-30.000,-30.000,54.139,2,5.6,2,5.3,-30.000,-30.000
7.11E+06,-3.273,40.228,54.325,-30.000,-30.000,54.139,2,5.2,2,4.9,-30.000,-30.000
7.21E+06,-3.280,40.221,54.335,-30.000,-30.000,54.139,2,4.8,2,4.5,-30.000,-30.000
7.31E+06,-3.282,40.219,54.346,-30.000,-30.000,54.139,2,4.4,2,4.1,-30.000,-30.000
7.41E+06,-3.283,40.218,54.356,-30.000,-30.000,54.139,2,4.0,2,3.8,-30.000,-30.000
7.51E+06,-3.285,40.216,54.366,-30.000,-30.000,54.139,2,3.6,2,3.4,-30.000,-30.000
7.61E+06,-3.286,40.215,54.375,-30.000,-30.000,54.139,2,3.3,2,3.1,-30.000,-30.000
7.71E+06,-3.287,40.214,54.385,-30.000,-30.000,54.139,2,3.0,2,2.8,-30.000,-30.000
7.81E+06,-3.288,40.212,54.394,-30.000,-30.000,54.139,2,2.6,2,2.5,-30.000,-30.000
7.91E+06,-3.290,40.211,54.403,-30.000,-30.000,54.139,2,2.3,2,2.2,-30.000,-30.000
8.01E+06,-3.291,40.210,54.411,-30.000,-30.000,54.139,2,2.0,2,1.9,-30.000,-30.000
8.11E+06,-3.292,40.208,54.420,-30.000,-30.000,54.139,2,1.7,2,1.6,-30.000,-30.000
8.21E+06,-3.294,40.207,54.428,-30.000,-30.000,54.139,2,1.5,2,1.3,-30.000,-30.000
8.31E+06,-3.295,40.206,54.436,-30.000,-30.000,54.139,2,1.2,2,1.0,-30.000,-30.000
8.41E+06,-3.296,40.204,54.444,-30.000,-30.000,54.139,2,0.9,2,0.8,-30.000,-30.000
8.51E+06,-3.298,40.203,54.452,-30.000,-30.000,54.139,2,0.7,2,0.5,-30.000,-30.000
8.61E+06,-3.299,40.202,54.460,-30.000,-30.000,54.139,2,0.4,2,0.3,-30.000,-30.000
8.71E+06,-3.300,40.201,54.467,-30.000,-30.000,54.139,2,0.2,2,0.0,-30.000,-30.000
8.81E+06,-3.328,40.173,54.474,-30.000,-30.000,54.139,2,0.0,1,9.8,-30.000,-30.000
8.91E+06,-3.340,40.161,54.481,-30.000,-30.000,54.139,1,9.8,1,9.6,-30.000,-30.000
9.01E+06,-3.344,40.157,54.487,-30.000,-30.000,54.139,1,9.6,1,9.4,-30.000,-30.000
9.11E+06,-3.348,40.153,54.493,-30.000,-30.000,54.139,1,9.4,1,9.2,-30.000,-30.000
9.21E+06,-3.352,40.149,54.500,-30.000,-30.000,54.139,1,9.2,1,9.1,-30.000,-30.000
9.31E+06,-3.356,40.145,54.506,-30.000,-30.000,54.139,1,9.0,1,8.9,-30.000,-30.000
9.41E+06,-3.360,40.141,54.511,-30.000,-30.000,54.139,1,8.8,1,8.7,-30.000,-30.000
9.51E+06,-3.363,40.137,54.517,-30.000,-30.000,54.139,1,8.6,1,8.5,-30.000,-30.000
9.61E+06,-3.367,40.134,54.523,-30.000,-30.000,54.139,1,8.5,1,8.4,-30.000,-30.000
9.71E+06,-3.371,40.130,54.528,-30.000,-30.000,54.139,1,8.3,1,8.2,-30.000,-30.000
9.81E+06,-3.374,40.127,54.534,-30.000,-30.000,54.139,1,8.1,1,8.1,-30.000,-30.000
9.91E+06,-3.378,40.123,54.539,-30.000,-30.000,54.139,1,8.0,1,7.9,-30.000,-30.000
1E+07,-3.381,40.120,54.544,-30.000,-30.000,54.139,1,7.8,1,7.8,-30.000,-30.000
1.01E+07,-3.385,40.116,54.549,-30.000,-30.000,54.139,1,7.7,1,7.6,-30.000,-30.000
1.02E+07,-3.388,40.113,54.554,-30.000,-30.000,54.139,1,7.6,1,7.5,-30.000,-30.000
1.03E+07,-3.391,40.110,54.559,-30.000,-30.000,54.139,1,7.4,1,7.3,-30.000,-30.000
1.04E+07,-3.394,40.107,54.564,-30.000,-30.000,54.139,1,7.3,1,7.2,-30.000,-30.000
1.05E+07,-3.398,40.103,54.569,-30.000,-30.000,54.139,1,7.2,1,7.1,-30.000,-30.000
1.06E+07,-3.401,40.100,54.573,-30.000,-30.000,54.139,1,7.0,1,6.9,-30.000,-30.000
1.07E+07,-3.404,40.097,54.578,-30.000,-30.000,54.139,1,6.9,1,6.8,-30.000,-30.000
1.08E+07,-3.407,40.094,54.582,-30.000,-30.000,54.139,1,6.8,1,6.7,-30.000,-30.000
1.09E+07,-3.410,40.091,54.587,-30.000,-30.000,54.139,1,6.7,1,6.6,-30.000,-30.000
1.1E+07,-3.413,40.088,54.591,-30.000,-30.000,54.139,1,6.5,1,6.5,-30.000,-30.000
1.11E+07,-3.416,40.085,54.595,-30.000,-30.000,54.139,1,6.4,1,6.4,-30.000,-30.000
1.12E+07,-3.418,40.083,54.600,-30.000,-30.000,54.139,1,6.3,1,6.3,-30.000,-30.000
1.13E+07,-3.421,40.080,54.604,-30.000,-30.000,54.139,1,6.2,1,6.1,-30.000,-30.000
1.14E+07,-3.424,40.077,54.608,-30.000,-30.000,54.139,1,6.1,1,6.0,-30.000,-30.000
1.15E+07,-3.427,40.074,54.612,-30.000,-30.000,54.139,1,6.0,1,5.9,-30.000,-30.000
1.16E+07,-3.430,40.071,54.616,-30.000,-30.000,54.139,1,5.9,1,5.8,-30.000,-30.000
1.17E+07,-3.432,40.069,54.620,-30.000,-30.000,54.139,1,5.8,1,5.7,-30.000,-30.000
1.18E+07,-3.435,40.066,54.623,-30.000,-30.000,54.139,1,5.7,1,5.6,-30.000,-30.000
1.19E+07,-3.438,40.063,54.627,-30.000,-30.000,54.139,1,5.6,1,5.5,-30.000,-30.000
1.2E+07,-3.440,40.061,54.631,-30.000,-30.000,54.139,1,5.5,1,5.5,-30.000,-30.000
1.21E+07,-3.443,40.058,54.634,-30.000,-30.000,54.139,1,5.4,1,5.4,-30.000,-30.000
1.22E+07,-3.445,40.056,54.638,-30.000,-30.000,54.139,1,5.3,1,5.3,-30.000,-30.000
1.23E+07,-3.448,40.053,54.642,-30.000,-30.000,54.139,1,5.2,1,5.2,-30.000,-30.000
1.24E+07,-3.450,40.051,54.645,-30.000,-30.000,54.139,1,5.1,1,5.1,-30.000,-30.000
1.25E+07,-3.453,40.048,54.649,-30.000,-30.000,54.139,1,5.1,1,5.0,-30.000,-30.000
1.26E+07,-3.454,40.047,54.652,-30.000,-30.000,54.139,1,5.0,1,4.9,-30.000,-30.000
1.27E+07,-3.456,40.045,54.655,-30.000,-30.000,54.139,1,4.9,1,4.8,-30.000,-30.000
1.28E+07,-3.458,40.042,54.659,-30.000,-30.000,54.139,1,4.8,1,4.8,-30.000,-30.000
1.29E+07,-3.461,40.040,54.662,-30.000,-30.000,54.139,1,4.7,1,4.7,-30.000,-30.000
1.3E+07,-3.463,40.038,54.665,-30.000,-30.000,54.139,1,4.7,1,4.6,-30.000,-30.000
1.31E+07,-3.465,40.035,54.668,-30.000,-30.000,54.139,1,4.6,1,4.5,-30.000,-30.000
1.32E+07,-3.468,40.033,54.672,-30.000,-30.000,54.139,1,4.5,1,4.5,-30.000,-30.000
1.33E+07,-3.470,40.031,54.675,-30.000,-30.000,54.139,1,4.4,1,4.4,-30.000,-30.000
1.34E+07,-3.472,40.029,54.678,-30.000,-30.000,54.139,1,4.4,1,4.3,-30.000,-30.000
1.35E+07,-3.474,40.027,54.681,-30.000,-30.000,54.139,1,4.3,1,4.2,-30.000,-30.000
1.36E+07,-3.477,40.024,54.684,-30.000,-30.000,54.139,1,4.2,1,4.2,-30.000,-30.000
1.37E+07,-3.479,40.022,54.687,-30.000,-30.000,54.139,1,4.1,1,4.1,-30.000,-30.000
1.38E+07,-3.481,40.020,54.690,-30.000,-30.000,54.139,1,4.1,1,4.0,-30.000,-30.000
1.39E+07,-3.483,40.018,54.693,-30.000,-30.000,54.139,1,4.0,1,4.0,-30.000,-30.000
1.4E+07,-3.485,40.016,54.696,-30.000,-30.000,54.139,1,3.9,1,3.9,-30.000,-30.000
1.41E+07,-3.487,40.014,54.698,-30.000,-30.000,54.139,1,3.9,1,3.8,-30.000,-30.000
1.42E+07,-3.489,40.012,54.701,-30.000,-30.000,54.139,1,3.8,1,3.8,-30.000,-30.000
1.43E+07,-3.491,40.010,54.704,-30.000,-30.000,54.139,1,3.7,1,3.7,-30.000,-30.000
1.44E+07,-3.493,40.008,54.707,-30.000,-30.000,54.139,1,3.7,1,3.7,-30.000,-30.000
1.45E+07,-3.495,40.006,54.709,-30.000,-30.000,54.139,1,3.6,1,3.6,-30.000,-30.000
1.46E+07,-3.497,40.004,54.712,-30.000,-30.000,54.139,1,3.6,1,3.5,-30.000,-30.000
1.47E+07,-3.499,40.002,54.715,-30.000,-30.000,54.139,1,3.5,1,3.5,-30.000,-30.000
1.48E+07,-3.501,40.000,54.717,-30.000,-30.000,54.139,1,3.4,1,3.4,-30.000,-30.000
1.49E+07,-3.503,39.998,54.720,-30.000,-30.000,54.139,1,3.4,1,3.4,-30.000,-30.000
1.5E+07,-3.505,39.996,54.723,-30.000,-30.000,54.139,1,3.3,1,3.3,-30.000,-30.000
1.51E+07,-3.507,39.994,54.725,-30.000,-30.000,54.139,1,3.3,1,3.2,-30.000,-30.000
1.52E+07,-3.509,39.992,54.728,-30.000,-30.000,54.139,1,3.2,1,3.2,-30.000,-30.000
1.53E+07,-3.511,39.990,54.730,-30.000,-30.000,54.139,1,3.2,1,3.1,-30.000,-30.000
1.54E+07,-3.513,39.988,54.733,-30.000,-30.000,54.139,1,3.1,1,3.1,-30.000,-30.000
1.55E+07,-3.515,39.986,54.735,-30.000,-30.000,54.139,1,3.1,1,3.0,-30.000,-30.000
1.56E+07,-3.517,39.984,54.738,-30.000,-30.000,54.139,1,3.0,1,3.0,-30.000,-30.000
1.57E+07,-3.518,39.983,54.740,-30.000,-30.000,54.139,1,3.0,1,2.9,-30.000,-30.000
1.58E+07,-3.520,39.981,54.742,-30.000,-30.000,54.139,1,2.9,1,2.9,-30.000,-30.000
1.59E+07,-3.522,39.979,54.745,-30.000,-30.000,54.139,1,2.9,1,2.8,-30.000,-30.000
1.6E+07,-3.524,39.977,54.747,-30.000,-30.000,54.139,1,2.8,1,2.8,-30.000,-30.000
1.61E+07,-3.526,39.975,54.749,-30.000,-30.000,54.139,1,2.8,1,2.7,-30.000,-30.000
1.62E+07,-3.528,39.973,54.752,-30.000,-30.000,54.139,1,2.7,1,2.7,-30.000,-30.000
1.63E+07,-3.529,39.972,54.754,-30.000,-30.000,54.139,1,2.7,1,2.6,-30.000,-30.000
1.64E+07,-3.531,39.970,54.756,-30.000,-30.000,54.139,1,2.6,1,2.6,-30.000,-30.000
1.65E+07,-3.533,39.968,54.758,-30.000,-30.000,54.139,1,2.6,1,2.5,-30.000,-30.000
1.66E+07,-3.535,39.966,54.761,-30.000,-30.000,54.139,1,2.5,1,2.5,-30.000,-30.000
1.67E+07,-3.536,39.965,54.763,-30.000,-30.000,54.139,1,2.5,1,2.4,-30.000,-30.000
1.68E+07,-3.538,39.963,54.765,-30.000,-30.000,54.139,1,2.4,1,2.4,-30.000,-30.000
1.69E+07,-3.540,39.961,54.767,-30.000,-30.000,54.139,1,2.4,1,2.4,-30.000,-30.000
1.7E+07,-3.541,39.960,54.769,-30.000,-30.000,54.139,1,2.3,1,2.3,-30.000,-30.000
1.71E+07,-3.543,39.958,54.771,-30.000,-30.000,54.139,1,2.3,1,2.3,-30.000,-30.000
1.72E+07,-3.545,39.956,54.773,-30.000,-30.000,54.139,1,2.3,1,2.2,-30.000,-30.000
1.73E+07,-3.546,39.955,54.775,-30.000,-30.000,54.139,1,2.2,1,2.2,-30.000,-30.000
1.74E+07,-3.548,39.953,54.778,-30.000,-30.000,54.139,1,2.2,1,2.1,-30.000,-30.000
1.75E+07,-3.550,39.951,54.780,-30.000,-30.000,54.139,1,2.1,1,2.1,-30.000,-30.000
1.76E+07,-3.551,39.950,54.782,-30.000,-30.000,54.139,1,2.1,1,2.1,-30.000,-30.000
1.77E+07,-3.553,39.948,54.784,-30.000,-30.000,54.139,1,2.0,1,2.0,-30.000,-30.000
1.78E+07,-3.554,39.947,54.786,-30.000,-30.000,54.139,1,2.0,1,2.0,-30.000,-30.000
1.79E+07,-3.554,39.947,54.788,-30.000,-30.000,54.139,1,2.0,1,1.9,-30.000,-30.000
1.8E+07,-3.556,39.945,54.790,-30.000,-30.000,54.139,1,1.9,1,1.9,-30.000,-30.000
1.81E+07,-3.557,39.944,54.791,-30.000,-30.000,54.139,1,1.9,1,1.9,-30.000,-30.000
1.82E+07,-3.559,39.942,54.793,-30.000,-30.000,54.139,1,1.8,1,1.8,-30.000,-30.000
1.83E+07,-3.560,39.941,54.795,-30.000,-30.000,54.139,1,1.8,1,1.8,-30.000,-30.000
1.84E+07,-3.562,39.939,54.797,-30.000,-30.000,54.139,1,1.8,1,1.8,-30.000,-30.000
1.85E+07,-3.563,39.938,54.799,-30.000,-30.000,54.139,1,1.7,1,1.7,-30.000,-30.000
1.86E+07,-3.565,39.936,54.801,-30.000,-30.000,54.139,1,1.7,1,1.7,-30.000,-30.000
1.87E+07,-3.566,39.935,54.803,-30.000,-30.000,54.139,1,1.7,1,1.6,-30.000,-30.000
1.88E+07,-3.568,39.933,54.805,-30.000,-30.000,54.139,1,1.6,1,1.6,-30.000,-30.000
1.89E+07,-3.569,39.932,54.807,-30.000,-30.000,54.139,1,1.6,1,1.6,-30.000,-30.000
1.9E+07,-3.571,39.930,54.808,-30.000,-30.000,54.139,1,1.6,1,1.5,-30.000,-30.000
1.91E+07,-3.572,39.929,54.810,-30.000,-30.000,54.139,1,1.5,1,1.5,-30.000,-30.000
1.92E+07,-3.573,39.928,54.812,-30.000,-30.000,54.139,1,1.5,1,1.5,-30.000,-30.000
1.93E+07,-3.575,39.926,54.814,-30.000,-30.000,54.139,1,1.5,1,1.4,-30.000,-30.000
1.94E+07,-3.576,39.924,54.816,-30.000,-30.000,54.139,1,1.4,1,1.4,-30.000,-30.000
1.95E+07,-3.578,39.923,54.817,-30.000,-30.000,54.139,1,1.4,1,1.4,-30.000,-30.000
1.96E+07,-3.579,39.922,54.819,-30.000,-30.000,54.139,1,1.4,1,1.3,-30.000,-30.000
1.97E+07,-3.581,39.920,54.821,-30.000,-30.000,54.139,1,1.3,1,1.3,-30.000,-30.000
1.98E+07,-3.582,39.919,54.822,-30.000,-30.000,54.139,1,1.3,1,1.3,-30.000,-30.000
1.99E+07,-3.583,39.918,54.824,-30.000,-30.000,54.139,1,1.3,1,1.2,-30.000,-30.000
2E+07,-3.585,39.916,54.826,-30.000,-30.000,54.139,1,1.2,1,1.2,-30.000,-30.000
2.01E+07,-3.586,39.915,54.828,-30.000,-30.000,54.139,1,1.2,1,1.2,-30.000,-30.000
2.02E+07,-3.587,39.913,54.829,-30.000,-30.000,54.139,1,1.2,1,1.1,-30.000,-30.000
2.03E+07,-3.589,39.912,54.831,-30.000,-30.000,54.139,1,1.1,1,1.1,-30.000,-30.000
2.04E+07,-3.590,39.911,54.832,-30.000,-30.000,54.139,1,1.1,1,1.1,-30.000,-30.000
2.05E+07,-3.592,39.909,54.834,-30.000,-30.000,54.139,1,1.1,1,1.1,-30.000,-30.000
2.06E+07,-3.593,39.908,54.836,-30.000,-30.000,54.139,1,1.0,1,1.0,-30.000,-30.000
2.07E+07,-3.594,39.907,54.837,-30.000,-30.000,54.139,1,1.0,1,1.0,-30.000,-30.000
2.08E+07,-3.595,39.905,54.839,-30.000,-30.000,54.139,1,1.0,1,1.0,-30.000,-30.000
2.09E+07,-3.597,39.904,54.841,-30.000,-30.000,54.139,1,0.9,1,0.9,-30.000,-30.000
2.1E+07,-3.598,39.903,54.842,-30.000,-30.000,54.139,1,0.9,1,0.9,-30.000,-30.000
2.11E+07,-3.599,39.901,54.844,-30.000,-30.000,54.139,1,0.9,1,0.9,-30.000,-30.000
2.12E+07,-3.601,39.900,54.845,-30.000,-30.000,54.139,1,0.9,1,0.8,-30.000,-30.000
2.13E+07,-3.602,39.899,54.847,-30.000,-30.000,54.139,1,0.8,1,0.8,-30.000,-30.000
2.14E+07,-3.603,39.897,54.848,-30.000,-30.000,54.139,1,0.8,1,0.8,-30.000,-30.000
2.15E+07,-3.604,39.896,54.850,-30.000,-30.000,54.139,1,0.8,1,0.8,-30.000,-30.000
2.16E+07,-3.606,39.895,54.851,-30.000,-30.000,54.139,1,0.8,1,0.7,-30.000,-30.000
2.17E+07,-3.607,39.894,54.853,-30.000,-30.000,54.139,1,0.7,1,0.7,-30.000,-30.000
2.18E+07,-3.609,39.892,54.854,-30.000,-30.000,54.139,1,0.7,1,0.7,-30.000,-30.000
2.19E+07,-3.610,39.891,54.856,-30.000,-30.000,54.139,1,0.7,1,0.7,-30.000,-30.000
2.2E+07,-3.611,39.890,54.857,-30.000,-30.000,54.139,1,0.6,1,0.6,-30.000,-30.000
2.21E+07,-3.612,39.889,54.859,-30.000,-30.000,54.139,1,0.6,1,0.6,-30.000,-30.000
2.22E+07,-3.613,39.887,54.860,-30.000,-30.000,54.139,1,0.6,1,0.6,-30.000,-30.000
2.23E+07,-3.615,39.886,54.862,-30.000,-30.000,54.139,1,0.6,1,0.6,-30.000,-30.000
2.24E+07,-3.616,39.885,54.863,-30.000,-30.000,54.139,1,0.5,1,0.5,-30.000,-30.000
2.25E+07,-3.617,39.884,54.865,-30.000,-30.000,54.139,1,0.5,1,0.5,-30.000,-30.000
2.26E+07,-3.618,39.882,54.866,-30.000,-30.000,54.139,1,0.5,1,0.5,-30.000,-30.000
2.27E+07,-3.620,39.881,54.867,-30.000,-30.000,54.139,1,0.5,1,0.4,-30.000,-30.000
2.28E+07,-3.621,39.880,54.869,-30.000,-30.000,54.139,1,0.4,1,0.4,-30.000,-30.000
2.29E+07,-3.622,39.879,54.870,-30.000,-30.000,54.139,1,0.4,1,0.4,-30.000,-30.000
2.3E+07,-3.623,39.878,54.872,-30.000,-30.000,54.139,1,0.4,1,0.4,-30.000,-30.000
2.31E+07,-3.624,39.876,54.873,-30.000,-30.000,54.139,1,0.4,1,0.4,-30.000,-30.000
2.32E+07,-3.626,39.875,54.874,-30.000,-30.000,54.139,1,0.3,1,0.3,-30.000,-30.000
2.33E+07,-3.627,39.874,54.876,-30.000,-30.000,54.139,1,0.3,1,0.3,-30.000,-30.000
2.34E+07,-3.628,39.873,54.877,-30.000,-30.000,54.139,1,0.3,1,0.3,-30.000,-30.000
2.35E+07,-3.629,39.872,54.878,-30.000,-30.000,54.139,1,0.3,1,0.3,-30.000,-30.000
2.36E+07,-3.630,39.871,54.880,-30.000,-30.000,54.139,1,0.2,1,0.2,-30.000,-30.000
2.37E+07,-3.632,39.869,54.881,-30.000,-30.000,54.139,1,0.2,1,0.2,-30.000,-30.000
2.38E+07,-3.632,39.868,54.882,-30.000,-30.000,54.139,1,0.2,1,0.2,-30.000,-30.000
2.39E+07,-3.634,39.867,54.884,-30.000,-30.000,54.139,1,0.2,1,0.2,-30.000,-30.000
2.4E+07,-3.635,39.866,54.885,-30.000,-30.000,54.139,1,0.2,1,0.1,-30.000,-30.000
2.41E+07,-3.636,39.865,54.886,-30.000,-30.000,54.139,1,0.1,1,0.1,-30.000,-30.000
2.42E+07,-3.637,39.863,54.888,-30.000,-30.000,54.139,1,0.1,1,0.1,-30.000,-30.000
2.43E+07,-3.638,39.863,54.889,-30.000,-30.000,54.139,1,0.1,1,0.1,-30.000,-30.000
2.44E+07,-3.640,39.861,54.890,-30.000,-30.000,54.139,1,0.1,1,0.1,-30.000,-30.000
2.45E+07,-3.641,39.860,54.892,-30.000,-30.000,54.139,1,0.0,1,0.0,-30.000,-30.000
2.46E+07,-3.642,39.859,54.893,-30.000,-30.000,54.139,1,0.0,1,0.0,-30.000,-30.000
2.47E+07,-3.643,39.858,54.894,-30.000,-30.000,54.139,1,0.0,1,0.0,-30.000,-30.000
2.48E+07,-3.644,39.857,54.895,-30.000,-30.000,54.139,1,0.0,1,0.0,-30.000,-30.000
2.49E+07,-3.645,39.856,54.897,-30.000,-30.000,54.139,1,0.0,9.9,-30.000,-30.000
2.5E+07,-3.646,39.855,54.898,-30.000,-30.000,54.139,9.9,9.9,-30.000,-30.000
2.51E+07,-3.647,39.854,54.899,-30.000,-30.000,54.139,9.9,9.9,-30.000,-30.000
2.52E+07,-3.648,39.852,54.900,-30.000,-30.000,54.139,9.9,9.9,-30.000,-30.000
2.53E+07,-3.650,39.851,54.902,-30.000,-30.000,54.139,9.9,9.9,-30.000,-30.000
2.54E+07,-3.651,39.850,54.903,-30.000,-30.000,54.139,9.9,9.8,-30.000,-30.000
2.55E+07,-3.652,39.849,54.904,-30.000,-30.000,54.139,9.8,9.8,-30.000,-30.000
2.56E+07,-3.653,39.848,54.905,-30.000,-30.000,54.139,9.8,9.8,-30.000,-30.000
2.57E+07,-3.654,39.847,54.906,-30.000,-30.000,54.139,9.8,9.8,-30.000,-30.000
2.58E+07,-3.655,39.846,54.908,-30.000,-30.000,54.139,9.8,9.8,-30.000,-30.000
2.59E+07,-3.656,39.845,54.909,-30.000,-30.000,54.139,9.8,9.7,-30.000,-30.000
2.6E+07,-3.657,39.844,54.910,-30.000,-30.000,54.139,9.7,9.7,-30.000,-30.000
2.61E+07,-3.658,39.843,54.911,-30.000,-30.000,54.139,9.7,9.7,-30.000,-30.000
2.62E+07,-3.659,39.842,54.912,-30.000,-30.000,54.139,9.7,9.7,-30.000,-30.000
2.63E+07,-3.660,39.841,54.913,-30.000,-30.000,54.139,9.7,9.7,-30.000,-30.000
2.64E+07,-3.661,39.839,54.915,-30.000,-30.000,54.139,9.7,9.7,-30.000,-30.000
2.65E+07,-3.662,39.839,54.916,-30.000,-30.000,54.139,9.6,9.6,-30.000,-30.000
2.66E+07,-3.663,39.838,54.917,-30.000,-30.000,54.139,9.6,9.6,-30.000,-30.000
2.67E+07,-3.665,39.836,54.918,-30.000,-30.000,54.139,9.6,9.6,-30.000,-30.000
2.68E+07,-3.665,39.836,54.919,-30.000,-30.000,54.139,9.6,9.6,-30.000,-30.000
2.69E+07,-3.667,39.834,54.920,-30.000,-30.000,54.139,9.6,9.6,-30.000,-30.000
2.7E+07,-3.667,39.833,54.921,-30.000,-30.000,54.139,9.6,9.5,-30.000,-30.000
2.71E+07,-3.669,39.832,54.923,-30.000,-30.000,54.139,9.5,9.5,-30.000,-30.000
2.72E+07,-3.669,39.831,54.924,-30.000,-30.000,54.139,9.5,9.5,-30.000,-30.000
2.73E+07,-3.671,39.830,54.925,-30.000,-30.000,54.139,9.5,9.5,-30.000,-30.000
2.74E+07,-3.671,39.829,54.926,-30.000,-30.000,54.139,9.5,9.5,-30.000,-30.000
2.75E+07,-3.673,39.828,54.927,-30.000,-30.000,54.139,9.5,9.5,-30.000,-30.000
2.76E+07,-3.674,39.827,54.928,-30.000,-30.000,54.139,9.4,9.4,-30.000,-30.000
2.77E+07,-3.674,39.827,54.929,-30.000,-30.000,54.139,9.4,9.4,-30.000,-30.000
2.78E+07,-3.676,39.825,54.930,-30.000,-30.000,54.139,9.4,9.4,-30.000,-30.000
2.79E+07,-3.677,39.824,54.931,-30.000,-30.000,54.139,9.4,9.4,-30.000,-30.000
2.8E+07,-3.677,39.823,54.932,-30.000,-30.000,54.139,9.4,9.4,-30.000,-30.000
2.81E+07,-3.679,39.822,54.933,-30.000,-30.000,54.139,9.4,9.3,-30.000,-30.000
2.82E+07,-3.679,39.821,54.934,-30.000,-30.000,54.139,9.3,9.3,-30.000,-30.000
2.83E+07,-3.681,39.820,54.935,-30.000,-30.000,54.139,9.3,9.3,-30.000,-30.000
2.84E+07,-3.681,39.820,54.937,-30.000,-30.000,54.139,9.3,9.3,-30.000,-30.000
2.85E+07,-3.683,39.818,54.938,-30.000,-30.000,54.139,9.3,9.3,-30.000,-30.000
2.86E+07,-3.684,39.817,54.939,-30.000,-30.000,54.139,9.3,9.3,-30.000,-30.000
2.87E+07,-3.684,39.817,54.940,-30.000,-30.000,54.139,9.3,9.3,-30.000,-30.000
2.88E+07,-3.685,39.815,54.941,-30.000,-30.000,54.139,9.2,9.2,-30.000,-30.000
2.89E+07,-3.686,39.815,54.942,-30.000,-30.000,54.139,9.2,9.2,-30.000,-30.000
2.9E+07,-3.688,39.813,54.943,-30.000,-30.000,54.139,9.2,9.2,-30.000,-30.000
2.91E+07,-3.688,39.813,54.944,-30.000,-30.000,54.139,9.2,9.2,-30.000,-30.000
2.92E+07,-3.689,39.812,54.945,-30.000,-30.000,54.139,9.2,9.2,-30.000,-30.000
2.93E+07,-3.690,39.811,54.946,-30.000,-30.000,54.139,9.2,9.2,-30.000,-30.000
2.94E+07,-3.691,39.810,54.947,-30.000,-30.000,54.139,9.1,9.1,-30.000,-30.000
2.95E+07,-3.692,39.809,54.948,-30.000,-30.000,54.139,9.1,9.1,-30.000,-30.000
2.96E+07,-3.693,39.808,54.949,-30.000,-30.000,54.139,9.1,9.1,-30.000,-30.000
2.97E+07,-3.694,39.807,54.950,-30.000,-30.000,54.139,9.1,9.1,-30.000,-30.000
2.98E+07,-3.695,39.806,54.951,-30.000,-30.000,54.139,9.1,9.1,-30.000,-30.000
2.99E+07,-3.696,39.805,54.952,-30.000,-30.000,54.139,9.1,9.1,-30.000,-30.000
3E+07,-3.697,39.804,54.953,-30.000,-30.000,54.139,9.1,9.0,-30.000,-30.000
3.01E+07,-3.697,39.803,54.954,-30.000,-30.000,54.139,9.0,9.0,-30.000,-30.000
3.02E+07,-3.699,39.802,54.955,-30.000,-30.000,54.139,9.0,9.0,-30.000,-30.000
3.03E+07,-3.700,39.801,54.956,-30.000,-30.000,54.139,9.0,9.0,-30.000,-30.000
3.04E+07,-3.685,39.816,54.957,-30.000,-30.000,54.139,9.0,9.0,-30.000,-30.000
3.05E+07,-3.678,39.822,54.958,-30.000,-30.000,54.139,9.0,9.0,-30.000,-30.000
3.06E+07,-3.679,39.822,54.959,-30.000,-30.000,54.139,9.0,9.0,-30.000,-30.000
3.07E+07,-3.679,39.821,54.960,-30.000,-30.000,54.139,9.0,8.9,-30.000,-30.000
3.08E+07,-3.680,39.821,54.961,-30.000,-30.000,54.139,8.9,8.9,-30.000,-30.000
3.09E+07,-3.681,39.820,54.962,-30.000,-30.000,54.139,8.9,8.9,-30.000,-30.000
3.1E+07,-3.681,39.819,54.963,-30.000,-30.000,54.139,8.9,8.9,-30.000,-30.000
3.11E+07,-3.682,39.819,54.964,-30.000,-30.000,54.139,8.9,8.9,-30.000,-30.000
3.12E+07,-3.683,39.818,54.964,-30.000,-30.000,54.139,8.9,8.9,-30.000,-30.000
3.13E+07,-3.683,39.818,54.965,-30.000,-30.000,54.139,8.9,8.9,-30.000,-30.000
3.14E+07,-3.684,39.817,54.966,-30.000,-30.000,54.139,8.8,8.8,-30.000,-30.000
3.15E+07,-3.685,39.816,54.967,-30.000,-30.000,54.139,8.8,8.8,-30.000,-30.000
3.16E+07,-3.685,39.816,54.968,-30.000,-30.000,54.139,8.8,8.8,-30.000,-30.000
3.17E+07,-3.686,39.815,54.969,-30.000,-30.000,54.139,8.8,8.8,-30.000,-30.000
3.18E+07,-3.686,39.814,54.970,-30.000,-30.000,54.139,8.8,8.8,-30.000,-30.000
3.19E+07,-3.687,39.814,54.971,-30.000,-30.000,54.139,8.8,8.8,-30.000,-30.000
3.2E+07,-3.688,39.813,54.972,-30.000,-30.000,54.139,8.8,8.8,-30.000,-30.000
3.21E+07,-3.688,39.813,54.973,-30.000,-30.000,54.139,8.7,8.7,-30.000,-30.000
3.22E+07,-3.689,39.812,54.974,-30.000,-30.000,54.139,8.7,8.7,-30.000,-30.000
3.23E+07,-3.690,39.811,54.975,-30.000,-30.000,54.139,8.7,8.7,-30.000,-30.000
3.24E+07,-3.690,39.811,54.976,-30.000,-30.000,54.139,8.7,8.7,-30.000,-30.000
3.25E+07,-3.691,39.810,54.977,-30.000,-30.000,54.139,8.7,8.7,-30.000,-30.000
3.26E+07,-3.691,39.810,54.978,-30.000,-30.000,54.139,8.7,8.7,-30.000,-30.000
3.27E+07,-3.692,39.809,54.979,-30.000,-30.000,54.139,8.7,8.7,-30.000,-30.000
3.28E+07,-3.692,39.809,54.980,-30.000,-30.000,54.139,8.7,8.6,-30.000,-30.000
3.29E+07,-3.693,39.808,54.981,-30.000,-30.000,54.139,8.6,8.6,-30.000,-30.000
3.3E+07,-3.693,39.808,54.982,-30.000,-30.000,54.139,8.6,8.6,-30.000,-30.000
3.31E+07,-3.694,39.807,54.982,-30.000,-30.000,54.139,8.6,8.6,-30.000,-30.000
3.32E+07,-3.694,39.807,54.983,-30.000,-30.000,54.139,8.6,8.6,-30.000,-30.000
3.33E+07,-3.695,39.806,54.984,-30.000,-30.000,54.139,8.6,8.6,-30.000,-30.000
3.34E+07,-3.696,39.805,54.985,-30.000,-30.000,54.139,8.6,8.6,-30.000,-30.000
3.35E+07,-3.696,39.805,54.986,-30.000,-30.000,54.139,8.6,8.5,-30.000,-30.000
3.36E+07,-3.697,39.804,54.987,-30.000,-30.000,54.139,8.5,8.5,-30.000,-30.000
3.37E+07,-3.697,39.803,54.988,-30.000,-30.000,54.139,8.5,8.5,-30.000,-30.000
3.38E+07,-3.698,39.803,54.989,-30.000,-30.000,54.139,8.5,8.5,-30.000,-30.000
3.39E+07,-3.699,39.802,54.990,-30.000,-30.000,54.139,8.5,8.5,-30.000,-30.000
3.4E+07,-3.699,39.802,54.991,-30.000,-30.000,54.139,8.5,8.5,-30.000,-30.000
3.41E+07,-3.700,39.801,54.991,-30.000,-30.000,54.139,8.5,8.5,-30.000,-30.000
3.42E+07,-3.701,39.800,54.992,-30.000,-30.000,54.139,8.5,8.5,-30.000,-30.000
3.43E+07,-3.701,39.800,54.993,-30.000,-30.000,54.139,8.5,8.4,-30.000,-30.000
3.44E+07,-3.702,39.799,54.994,-30.000,-30.000,54.139,8.4,8.4,-30.000,-30.000
3.45E+07,-3.702,39.799,54.995,-30.000,-30.000,54.139,8.4,8.4,-30.000,-30.000
3.46E+07,-3.703,39.798,54.996,-30.000,-30.000,54.139,8.4,8.4,-30.000,-30.000
3.47E+07,-3.703,39.797,54.997,-30.000,-30.000,54.139,8.4,8.4,-30.000,-30.000
3.48E+07,-3.703,39.798,54.998,-30.000,-30.000,54.139,8.4,8.4,-30.000,-30.000
3.49E+07,-3.705,39.796,54.998,-30.000,-30.000,54.139,8.4,8.4,-30.000,-30.000
3.5E+07,-3.705,39.796,54.999,-30.000,-30.000,54.139,8.4,8.4,-30.000,-30.000
3.51E+07,-3.706,39.795,55.000,-30.000,-30.000,54.139,8.4,8.3,-30.000,-30.000
3.52E+07,-3.706,39.795,55.001,-30.000,-30.000,54.139,8.3,8.3,-30.000,-30.000
3.53E+07,-3.707,39.794,55.002,-30.000,-30.000,54.139,8.3,8.3,-30.000,-30.000
3.54E+07,-3.707,39.794,55.003,-30.000,-30.000,54.139,8.3,8.3,-30.000,-30.000
3.55E+07,-3.708,39.793,55.004,-30.000,-30.000,54.139,8.3,8.3,-30.000,-30.000
3.56E+07,-3.708,39.793,55.004,-30.000,-30.000,54.139,8.3,8.3,-30.000,-30.000
3.57E+07,-3.709,39.792,55.005,-30.000,-30.000,54.139,8.3,8.3,-30.000,-30.000
3.58E+07,-3.709,39.792,55.006,-30.000,-30.000,54.139,8.3,8.3,-30.000,-30.000
3.59E+07,-3.710,39.791,55.007,-30.000,-30.000,54.139,8.3,8.3,-30.000,-30.000
3.6E+07,-3.710,39.791,55.008,-30.000,-30.000,54.139,8.2,8.2,-30.000,-30.000
3.61E+07,-3.711,39.790,55.009,-30.000,-30.000,54.139,8.2,8.2,-30.000,-30.000
3.62E+07,-3.712,39.789,55.009,-30.000,-30.000,54.139,8.2,8.2,-30.000,-30.000
3.63E+07,-3.712,39.789,55.010,-30.000,-30.000,54.139,8.2,8.2,-30.000,-30.000
3.64E+07,-3.713,39.788,55.011,-30.000,-30.000,54.139,8.2,8.2,-30.000,-30.000
3.65E+07,-3.713,39.788,55.012,-30.000,-30.000,54.139,8.2,8.2,-30.000,-30.000
3.66E+07,-3.713,39.788,55.013,-30.000,-30.000,54.139,8.2,8.2,-30.000,-30.000
3.67E+07,-3.714,39.787,55.013,-30.000,-30.000,54.139,8.2,8.2,-30.000,-30.000
3.68E+07,-3.715,39.786,55.014,-30.000,-30.000,54.139,8.2,8.1,-30.000,-30.000
3.69E+07,-3.715,39.786,55.015,-30.000,-30.000,54.139,8.1,8.1,-30.000,-30.000
3.7E+07,-3.716,39.785,55.016,-30.000,-30.000,54.139,8.1,8.1,-30.000,-30.000
3.71E+07,-3.716,39.785,55.017,-30.000,-30.000,54.139,8.1,8.1,-30.000,-30.000
3.72E+07,-3.717,39.784,55.017,-30.000,-30.000,54.139,8.1,8.1,-30.000,-30.000
3.73E+07,-3.717,39.784,55.018,-30.000,-30.000,54.139,8.1,8.1,-30.000,-30.000
3.74E+07,-3.718,39.783,55.019,-30.000,-30.000,54.139,8.1,8.1,-30.000,-30.000
3.75E+07,-3.718,39.783,55.020,-30.000,-30.000,54.139,8.1,8.1,-30.000,-30.000
3.76E+07,-3.719,39.782,55.021,-30.000,-30.000,54.139,8.1,8.1,-30.000,-30.000
3.77E+07,-3.719,39.781,55.021,-30.000,-30.000,54.139,8.1,8.0,-30.000,-30.000
3.78E+07,-3.720,39.781,55.022,-30.000,-30.000,54.139,8.0,8.0,-30.000,-30.000
3.79E+07,-3.720,39.781,55.023,-30.000,-30.000,54.139,8.0,8.0,-30.000,-30.000
3.8E+07,-3.721,39.780,55.024,-30.000,-30.000,54.139,8.0,8.0,-30.000,-30.000
3.81E+07,-3.722,39.779,55.025,-30.000,-30.000,54.139,8.0,8.0,-30.000,-30.000
3.82E+07,-3.922,39.579,55.025,-30.000,-30.000,54.139,8.0,0.0,-30.000,-30.000
3.83E+07,-30.000,-30.000,55.025,-30.000,-30.000,54.139,0.0,0.0,-30.000,-30.000
