,0.100E+05,-30.000,-30.000,-30.000,-30.000,-30.000,-30.000,0.0,0.0,-30.000,-30.000
,0.110E+06,-30.000,-30.000,-30.000,-30.000,-30.000,-30.000,0.0,0.0,-30.000,-30.000
,0.210E+06,-30.000,-30.000,-30.000,-30.000,-30.000,-30.000,0.0,0.0,-30.000,-30.000
,0.310E+06,-30.000,-30.000,-30.000,-30.000,-30.000,-30.000,0.0,0.0,-30.000,-30.000
,0.410E+06,-30.000,-30.000,-30.000,-30.000,-30.000,-30.000,0.0,0.0,-30.000,-30.000
,0.510E+06,-30.000,-30.000,-30.000,-30.000,-30.000,-30.000,0.0,0.0,-30.000,-30.000
,0.610E+06,-30.000,-30.000,-30.000,-30.000,-30.000,-30.000,0.0,0.0,-30.000,-30.000
,0.710E+06,-30.000,-30.000,-30.000,-30.000,-30.000,-30.000,0.0,0.0,-30.000,-30.000
,0.810E+06,-30.000,-30.000,-30.000,-30.000,-30.000,-30.000,0.0,0.0,-30.000,-30.000
,0.910E+06,-30.000,-30.000,-30.000,-30.000,-30.000,-30.000,0.0,0.0,-30.000,-30.000
,0.101E+07,-30.000,-30.000,-30.000,-30.000,-30.000,-30.000,0.0,0.0,-30.000,-30.000
,0.111E+07,-30.000,-30.000,-30.000,-30.000,-30.000,-30.000,0.0,0.0,-30.000,-30.000
,0.121E+07,-30.000,-30.000,-30.000,-30.000,-30.000,-30.000,0.0,0.0,-30.000,-30.000
,0.131E+07,-30.000,-30.000,-30.000,-30.000,-30.000,-30.000,0.0,0.0,-30.000,-30.000
,0.141E+07,-30.000,-30.000,-30.000,-30.000,-30.000,-30.000,0.0,0.0,-30.000,-30.000
,0.151E+07,-30.000,-30.000,-30.000,-30.000,-30.000,-30.000,0.0,0.0,-30.000,-30.000
,0.161E+07,-30.000,-30.000,-30.000,-30.000,-30.000,-30.000,0.0,0.0,-30.000,-30.000
,0.171E+07,-30.000,-30.000,-30.000,-30.000,-30.000,-30.000,0.0,0.0,-30.000,-30.000
,0.181E+07,-30.000,-30.000,-30.000,-30.000,-30.000,-30.000,0.0,0.0,-30.000,-30.000
,0.191E+07,-30.000,-30.000,-30.000,-30.000,-30.000,-30.000,0.0,0.0,-30.000,-30.000
,0.201E+07,-30.000,-30.000,-30.000,-30.000,-30.000,-30.000,0.0,0.0,-30.000,-30.000
,0.211E+07,-30.000,-30.000,-30.000,-30.000,-30.000,-30.000,0.0,0.0,-30.000,-30.000
,0.221E+07,-30.000,-30.000,-30.000,-30.000,-30.000,-30.000,0.0,0.0,-30.000,-30.000
,0.231E+07,-30.000,-30.000,-30.000,-30.000,-30.000,-30.000,0.0,0.0,-30.000,-30.000
,0.241E+07,-30.000,-30.000,-30.000,-30.000,-30.000,-30.000,0.0,0.0,-30.000,-30.000
,0.251E+07,-30.000,-30.000,-30.000,-30.000,-30.000,-30.000,0.0,0.0,-30.000,-30.000
,0.261E+07,-30.000,-30.000,-30.000,-30.000,-30.000,-30.000,0.0,0.0,-30.000,-30.000
,0.271E+07,-30.000,-30.000,-30.000,-30.000,-30.000,-30.000,0.0,0.0,-30.000,-30.000
,0.281E+07,-30.000,-30.000,-30.000,-30.000,-30.000,-30.000,0.0,0.0,-30.000,-30.000
,0.291E+07,-30.000,-30.000,-30.000,-30.000,-30.000,-30.000,0.0,0.0,-30.000,-30.000
,0.301E+07,-30.000,-30.000,-30.000,-30.000,-30.000,-30.000,0.0,0.0,-30.000,-30.000
,0.311E+07,-30.000,-30.000,-30.000,-30.000,-30.000,-30.000,0.0,0.0,-30.000,-30.000
,0.321E+07,-4.388,39.113,51.612,-4.388,39.113,51.612,99.7,99.3,-30.000,-30.000
,0.331E+07,-3.308,40.193,52.727,-3.308,40.193,52.727,96.2,91.5,-30.000,-30.000
,0.341E+07,-3.317,40.184,53.007,-3.317,40.184,53.007,88.8,84.8,-30.000,-30.000
,0.351E+07,-3.306,40.195,53.179,-3.306,40.195,53.179,82.5,79.0,-30.000,-30.000
,0.361E+07,-3.296,40.205,53.304,-3.296,40.205,53.304,77.0,73.9,-30.000,-30.000
,0.371E+07,-3.266,40.235,53.408,-3.266,40.235,53.408,72.1,69.5,-30.000,-30.000
,0.381E+07,-3.277,40.223,53.489,-3.277,40.223,53.489,67.9,65.5,-30.000,-30.000
,0.391E+07,-3.269,40.232,53.559,-3.269,40.232,53.559,64.1,61.9,-30.000,-30.000
,0.401E+07,-3.266,40.235,53.620,-3.266,40.235,53.620,60.7,58.8,-30.000,-30.000
,0.411E+07,-3.269,40.232,53.672,-3.269,40.232,53.672,57.7,56.0,-30.000,-30.000
,0.421E+07,-3.265,40.236,53.720,-3.265,40.236,53.720,55.0,53.5,-30.000,-30.000
,0.431E+07,-3.262,40.239,53.763,-3.262,40.239,53.763,52.5,51.2,-30.000,-30.000
,0.441E+07,-3.258,40.243,53.803,-3.258,40.243,53.803,50.3,49.1,-30.000,-30.000
,0.451E+07,-3.255,40.246,53.839,-3.255,40.246,53.839,48.3,47.1,-30.000,-30.000
,0.461E+07,-3.251,40.249,53.873,-3.251,40.249,53.873,46.4,45.4,-30.000,-30.000
,0.471E+07,-3.227,40.274,53.906,-3.495,40.006,53.891,44.7,43.7,-30.000,-30.000
,0.481E+07,-3.245,40.255,53.936,-30.000,-30.000,53.891,43.1,42.2,-30.000,-30.000
,0.491E+07,-3.243,40.258,53.964,-30.000,-30.000,53.891,41.7,40.8,-30.000,-30.000
,0.501E+07,-3.249,40.252,53.989,-30.000,-30.000,53.891,40.3,39.5,-30.000,-30.000
,0.511E+07,-3.263,40.238,54.013,-30.000,-30.000,53.891,39.1,38.4,-30.000,-30.000
,0.521E+07,-3.264,40.237,54.035,-30.000,-30.000,53.891,37.9,37.3,-30.000,-30.000
,0.531E+07,-3.243,40.258,54.058,-30.000,-30.000,53.891,36.9,36.3,-30.000,-30.000
,0.541E+07,-3.266,40.235,54.078,-30.000,-30.000,53.891,35.9,35.3,-30.000,-30.000
,0.551E+07,-3.267,40.234,54.097,-3.693,39.808,53.902,35.0,34.4,-30.000,-30.000
,0.561E+07,-3.267,40.234,54.115,-3.267,40.234,53.931,34.1,33.6,-30.000,-30.000
,0.571E+07,-3.268,40.233,54.133,-3.268,40.233,53.957,33.3,32.8,-30.000,-30.000
,0.581E+07,-3.269,40.232,54.150,-3.269,40.232,53.982,32.5,32.0,-30.000,-30.000
,0.591E+07,-3.267,40.234,54.166,-3.267,40.234,54.006,31.7,31.3,-30.000,-30.000
,0.601E+07,-3.267,40.234,54.182,-3.267,40.234,54.029,31.0,30.6,-30.000,-30.000
,0.611E+07,-3.268,40.233,54.197,-3.268,40.233,54.050,30.4,30.0,-30.000,-30.000
,0.621E+07,-3.268,40.233,54.212,-3.268,40.233,54.071,29.7,29.4,-30.000,-30.000
,0.631E+07,-3.268,40.233,54.226,-3.268,40.233,54.090,29.1,28.8,-30.000,-30.000
,0.641E+07,-3.269,40.232,54.240,-3.269,40.232,54.109,28.6,28.2,-30.000,-30.000
,0.651E+07,-3.269,40.232,54.253,-3.269,40.232,54.126,28.0,27.7,-30.000,-30.000
,0.661E+07,-3.269,40.232,54.266,-3.404,40.097,54.139,27.5,27.2,-30.000,-30.000
,0.671E+07,-3.270,40.231,54.278,-30.000,-30.000,54.139,27.0,26.7,-30.000,-30.000
,0.681E+07,-3.270,40.231,54.290,-30.000,-30.000,54.139,26.5,26.2,-30.000,-30.000
,0.691E+07,-3.271,40.230,54.302,-30.000,-30.000,54.139,26.0,25.8,-30.000,-30.000
,0.701E+07,-3.271,40.230,54.314,-30.000,-30.000,54.139,25.6,25.3,-30.000,-30.000
,0.711E+07,-3.273,40.228,54.325,-30.000,-30.000,54.139,25.2,24.9,-30.000,-30.000
,0.721E+07,-3.280,40.221,54.335,-30.000,-30.000,54.139,24.8,24.5,-30.000,-30.000
,0.731E+07,-3.282,40.219,54.346,-30.000,-30.000,54.139,24.4,24.1,-30.000,-30.000
,0.741E+07,-3.283,40.218,54.356,-30.000,-30.000,54.139,24.0,23.8,-30.000,-30.000
,0.751E+07,-3.285,40.216,54.366,-30.000,-30.000,54.139,23.6,23.4,-30.000,-30.000
,0.761E+07,-3.286,40.215,54.375,-30.000,-30.000,54.139,23.3,23.1,-30.000,-30.000
,0.771E+07,-3.287,40.214,54.385,-30.000,-30.000,54.139,23.0,22.8,-30.000,-30.000
,0.781E+07,-3.288,40.212,54.394,-30.000,-30.000,54.139,22.6,22.5,-30.000,-30.000
,0.791E+07,-3.290,40.211,54.403,-30.000,-30.000,54.139,22.3,22.2,-30.000,-30.000
,0.801E+07,-3.291,40.210,54.411,-30.000,-30.000,54.139,22.0,21.9,-30.000,-30.000
,0.811E+07,-3.292,40.208,54.420,-30.000,-30.000,54.139,21.7,21.6,-30.000,-30.000
,0.821E+07,-3.294,40.207,54.428,-30.000,-30.000,54.139,21.5,21.3,-30.000,-30.000
,0.831E+07,-3.295,40.206,54.436,-30.000,-30.000,54.139,21.2,21.0,-30.000,-30.000
,0.841E+07,-3.296,40.204,54.444,-30.000,-30.000,54.139,20.9,20.8,-30.000,-30.000
,0.851E+07,-3.298,40.203,54.452,-30.000,-30.000,54.139,20.7,20.5,-30.000,-30.000
,0.861E+07,-3.299,40.202,54.460,-30.000,-30.000,54.139,20.4,20.3,-30.000,-30.000
,0.871E+07,-3.300,40.201,54.467,-30.000,-30.000,54.139,20.2,20.0,-30.000,-30.000
,0.881E+07,-3.328,40.173,54.474,-30.000,-30.000,54.139,20.0,19.8,-30.000,-30.000
,0.891E+07,-3.340,40.161,54.481,-30.000,-30.000,54.139,19.8,19.6,-30.000,-30.000
,0.901E+07,-3.344,40.157,54.487,-30.000,-30.000,54.139,19.6,19.4,-30.000,-30.000
,0.911E+07,-3.348,40.153,54.493,-30.000,-30.000,54.139,19.4,19.2,-30.000,-30.000
,0.921E+07,-3.352,40.149,54.500,-30.000,-30.000,54.139,19.2,19.1,-30.000,-30.000
,0.931E+07,-3.356,40.145,54.506,-30.000,-30.000,54.139,19.0,18.9,-30.000,-30.000
,0.941E+07,-3.360,40.141,54.511,-30.000,-30.000,54.139,18.8,18.7,-30.000,-30.000
,0.951E+07,-3.363,40.137,54.517,-30.000,-30.000,54.139,18.6,18.5,-30.000,-30.000
,0.961E+07,-3.367,40.134,54.523,-30.000,-30.000,54.139,18.5,18.4,-30.000,-30.000
,0.971E+07,-3.371,40.130,54.528,-30.000,-30.000,54.139,18.3,18.2,-30.000,-30.000
,0.981E+07,-3.374,40.127,54.534,-30.000,-30.000,54.139,18.1,18.1,-30.000,-30.000
,0.991E+07,-3.378,40.123,54.539,-30.000,-30.000,54.139,18.0,17.9,-30.000,-30.000
,0.100E+08,-3.381,40.120,54.544,-30.000,-30.000,54.139,17.8,17.8,-30.000,-30.000
,0.101E+08,-3.385,40.116,54.549,-30.000,-30.000,54.139,17.7,17.6,-30.000,-30.000
,0.102E+08,-3.388,40.113,54.554,-30.000,-30.000,54.139,17.6,17.5,-30.000,-30.000
,0.103E+08,-3.391,40.110,54.559,-30.000,-30.000,54.139,17.4,17.3,-30.000,-30.000
,0.104E+08,-3.394,40.107,54.564,-30.000,-30.000,54.139,17.3,17.2,-30.000,-30.000
,0.105E+08,-3.398,40.103,54.569,-30.000,-30.000,54.139,17.2,17.1,-30.000,-30.000
,0.106E+08,-3.401,40.100,54.573,-30.000,-30.000,54.139,17.0,16.9,-30.000,-30.000
,0.107E+08,-3.404,40.097,54.578,-30.000,-30.000,54.139,16.9,16.8,-30.000,-30.000
,0.108E+08,-3.407,40.094,54.582,-30.000,-30.000,54.139,16.8,16.7,-30.000,-30.000
,0.109E+08,-3.410,40.091,54.587,-30.000,-30.000,54.139,16.7,16.6,-30.000,-30.000
,0.110E+08,-3.413,40.088,54.591,-30.000,-30.000,54.139,16.5,16.5,-30.000,-30.000
,0.111E+08,-3.416,40.085,54.595,-30.000,-30.000,54.139,16.4,16.4,-30.000,-30.000
,0.112E+08,-3.418,40.083,54.600,-30.000,-30.000,54.139,16.3,16.3,-30.000,-30.000
,0.113E+08,-3.421,40.080,54.604,-30.000,-30.000,54.139,16.2,16.1,-30.000,-30.000
,0.114E+08,-3.424,40.077,54.608,-30.000,-30.000,54.139,16.1,16.0,-30.000,-30.000
,0.115E+08,-3.427,40.074,54.612,-30.000,-30.000,54.139,16.0,15.9,-30.000,-30.000
,0.116E+08,-3.430,40.071,54.616,-30.000,-30.000,54.139,15.9,15.8,-30.000,-30.000
,0.117E+08,-3.432,40.069,54.620,-30.000,-30.000,54.139,15.8,15.7,-30.000,-30.000
,0.118E+08,-3.435,40.066,54.623,-30.000,-30.000,54.139,15.7,15.6,-30.000,-30.000
,0.119E+08,-3.438,40.063,54.627,-30.000,-30.000,54.139,15.6,15.5,-30.000,-30.000
,0.120E+08,-3.440,40.061,54.631,-30.000,-30.000,54.139,15.5,15.5,-30.000,-30.000
,0.121E+08,-3.443,40.058,54.634,-30.000,-30.000,54.139,15.4,15.4,-30.000,-30.000
,0.122E+08,-3.445,40.056,54.638,-30.000,-30.000,54.139,15.3,15.3,-30.000,-30.000
,0.123E+08,-3.448,40.053,54.642,-30.000,-30.000,54.139,15.2,15.2,-30.000,-30.000
,0.124E+08,-3.450,40.051,54.645,-30.000,-30.000,54.139,15.1,15.1,-30.000,-30.000
,0.125E+08,-3.453,40.048,54.649,-30.000,-30.000,54.139,15.1,15.0,-30.000,-30.000
,0.126E+08,-3.454,40.047,54.652,-30.000,-30.000,54.139,15.0,14.9,-30.000,-30.000
,0.127E+08,-3.456,40.045,54.655,-30.000,-30.000,54.139,14.9,14.8,-30.000,-30.000
,0.128E+08,-3.458,40.042,54.659,-30.000,-30.000,54.139,14.8,14.8,-30.000,-30.000
,0.129E+08,-3.461,40.040,54.662,-30.000,-30.000,54.139,14.7,14.7,-30.000,-30.000
,0.130E+08,-3.463,40.038,54.665,-30.000,-30.000,54.139,14.7,14.6,-30.000,-30.000
,0.131E+08,-3.465,40.035,54.668,-30.000,-30.000,54.139,14.6,14.5,-30.000,-30.000
,0.132E+08,-3.468,40.033,54.672,-30.000,-30.000,54.139,14.5,14.5,-30.000,-30.000
,0.133E+08,-3.470,40.031,54.675,-30.000,-30.000,54.139,14.4,14.4,-30.000,-30.000
,0.134E+08,-3.472,40.029,54.678,-30.000,-30.000,54.139,14.4,14.3,-30.000,-30.000
,0.135E+08,-3.474,40.027,54.681,-30.000,-30.000,54.139,14.3,14.2,-30.000,-30.000
,0.136E+08,-3.477,40.024,54.684,-30.000,-30.000,54.139,14.2,14.2,-30.000,-30.000
,0.137E+08,-3.479,40.022,54.687,-30.000,-30.000,54.139,14.1,14.1,-30.000,-30.000
,0.138E+08,-3.481,40.020,54.690,-30.000,-30.000,54.139,14.1,14.0,-30.000,-30.000
,0.139E+08,-3.483,40.018,54.693,-30.000,-30.000,54.139,14.0,14.0,-30.000,-30.000
,0.140E+08,-3.485,40.016,54.696,-30.000,-30.000,54.139,13.9,13.9,-30.000,-30.000
,0.141E+08,-3.487,40.014,54.698,-30.000,-30.000,54.139,13.9,13.8,-30.000,-30.000
,0.142E+08,-3.489,40.012,54.701,-30.000,-30.000,54.139,13.8,13.8,-30.000,-30.000
,0.143E+08,-3.491,40.010,54.704,-30.000,-30.000,54.139,13.7,13.7,-30.000,-30.000
,0.144E+08,-3.493,40.008,54.707,-30.000,-30.000,54.139,13.7,13.7,-30.000,-30.000
,0.145E+08,-3.495,40.006,54.709,-30.000,-30.000,54.139,13.6,13.6,-30.000,-30.000
,0.146E+08,-3.497,40.004,54.712,-30.000,-30.000,54.139,13.6,13.5,-30.000,-30.000
,0.147E+08,-3.499,40.002,54.715,-30.000,-30.000,54.139,13.5,13.5,-30.000,-30.000
,0.148E+08,-3.501,40.000,54.717,-30.000,-30.000,54.139,13.4,13.4,-30.000,-30.000
,0.149E+08,-3.503,39.998,54.720,-30.000,-30.000,54.139,13.4,13.4,-30.000,-30.000
,0.150E+08,-3.505,39.996,54.723,-30.000,-30.000,54.139,13.3,13.3,-30.000,-30.000
,0.151E+08,-3.507,39.994,54.725,-30.000,-30.000,54.139,13.3,13.2,-30.000,-30.000
,0.152E+08,-3.509,39.992,54.728,-30.000,-30.000,54.139,13.2,13.2,-30.000,-30.000
,0.153E+08,-3.511,39.990,54.730,-30.000,-30.000,54.139,13.2,13.1,-30.000,-30.000
,0.154E+08,-3.513,39.988,54.733,-30.000,-30.000,54.139,13.1,13.1,-30.000,-30.000
,0.155E+08,-3.515,39.986,54.735,-30.000,-30.000,54.139,13.1,13.0,-30.000,-30.000
,0.156E+08,-3.517,39.984,54.738,-30.000,-30.000,54.139,13.0,13.0,-30.000,-30.000
,0.157E+08,-3.518,39.983,54.740,-30.000,-30.000,54.139,13.0,12.9,-30.000,-30.000
,0.158E+08,-3.520,39.981,54.742,-30.000,-30.000,54.139,12.9,12.9,-30.000,-30.000
,0.159E+08,-3.522,39.979,54.745,-30.000,-30.000,54.139,12.9,12.8,-30.000,-30.000
,0.160E+08,-3.524,39.977,54.747,-30.000,-30.000,54.139,12.8,12.8,-30.000,-30.000
,0.161E+08,-3.526,39.975,54.749,-30.000,-30.000,54.139,12.8,12.7,-30.000,-30.000
,0.162E+08,-3.528,39.973,54.752,-30.000,-30.000,54.139,12.7,12.7,-30.000,-30.000
,0.163E+08,-3.529,39.972,54.754,-30.000,-30.000,54.139,12.7,12.6,-30.000,-30.000
,0.164E+08,-3.531,39.970,54.756,-30.000,-30.000,54.139,12.6,12.6,-30.000,-30.000
,0.165E+08,-3.533,39.968,54.758,-30.000,-30.000,54.139,12.6,12.5,-30.000,-30.000
,0.166E+08,-3.535,39.966,54.761,-30.000,-30.000,54.139,12.5,12.5,-30.000,-30.000
,0.167E+08,-3.536,39.965,54.763,-30.000,-30.000,54.139,12.5,12.4,-30.000,-30.000
,0.168E+08,-3.538,39.963,54.765,-30.000,-30.000,54.139,12.4,12.4,-30.000,-30.000
,0.169E+08,-3.540,39.961,54.767,-30.000,-30.000,54.139,12.4,12.4,-30.000,-30.000
,0.170E+08,-3.541,39.960,54.769,-30.000,-30.000,54.139,12.3,12.3,-30.000,-30.000
,0.171E+08,-3.543,39.958,54.771,-30.000,-30.000,54.139,12.3,12.3,-30.000,-30.000
,0.172E+08,-3.545,39.956,54.773,-30.000,-30.000,54.139,12.3,12.2,-30.000,-30.000
,0.173E+08,-3.546,39.955,54.775,-30.000,-30.000,54.139,12.2,12.2,-30.000,-30.000
,0.174E+08,-3.548,39.953,54.778,-30.000,-30.000,54.139,12.2,12.1,-30.000,-30.000
,0.175E+08,-3.550,39.951,54.780,-30.000,-30.000,54.139,12.1,12.1,-30.000,-30.000
,0.176E+08,-3.551,39.950,54.782,-30.000,-30.000,54.139,12.1,12.1,-30.000,-30.000
,0.177E+08,-3.553,39.948,54.784,-30.000,-30.000,54.139,12.0,12.0,-30.000,-30.000
,0.178E+08,-3.554,39.947,54.786,-30.000,-30.000,54.139,12.0,12.0,-30.000,-30.000
,0.179E+08,-3.554,39.947,54.788,-30.000,-30.000,54.139,12.0,11.9,-30.000,-30.000
,0.180E+08,-3.556,39.945,54.790,-30.000,-30.000,54.139,11.9,11.9,-30.000,-30.000
,0.181E+08,-3.557,39.944,54.791,-30.000,-30.000,54.139,11.9,11.9,-30.000,-30.000
,0.182E+08,-3.559,39.942,54.793,-30.000,-30.000,54.139,11.8,11.8,-30.000,-30.000
,0.183E+08,-3.560,39.941,54.795,-30.000,-30.000,54.139,11.8,11.8,-30.000,-30.000
,0.184E+08,-3.562,39.939,54.797,-30.000,-30.000,54.139,11.8,11.8,-30.000,-30.000
,0.185E+08,-3.563,39.938,54.799,-30.000,-30.000,54.139,11.7,11.7,-30.000,-30.000
,0.186E+08,-3.565,39.936,54.801,-30.000,-30.000,54.139,11.7,11.7,-30.000,-30.000
,0.187E+08,-3.566,39.935,54.803,-30.000,-30.000,54.139,11.7,11.6,-30.000,-30.000
,0.188E+08,-3.568,39.933,54.805,-30.000,-30.000,54.139,11.6,11.6,-30.000,-30.000
,0.189E+08,-3.569,39.932,54.807,-30.000,-30.000,54.139,11.6,11.6,-30.000,-30.000
,0.190E+08,-3.571,39.930,54.808,-30.000,-30.000,54.139,11.6,11.5,-30.000,-30.000
,0.191E+08,-3.572,39.929,54.810,-30.000,-30.000,54.139,11.5,11.5,-30.000,-30.000
,0.192E+08,-3.573,39.928,54.812,-30.000,-30.000,54.139,11.5,11.5,-30.000,-30.000
,0.193E+08,-3.575,39.926,54.814,-30.000,-30.000,54.139,11.5,11.4,-30.000,-30.000
,0.194E+08,-3.576,39.924,54.816,-30.000,-30.000,54.139,11.4,11.4,-30.000,-30.000
,0.195E+08,-3.578,39.923,54.817,-30.000,-30.000,54.139,11.4,11.4,-30.000,-30.000
,0.196E+08,-3.579,39.922,54.819,-30.000,-30.000,54.139,11.4,11.3,-30.000,-30.000
,0.197E+08,-3.581,39.920,54.821,-30.000,-30.000,54.139,11.3,11.3,-30.000,-30.000
,0.198E+08,-3.582,39.919,54.822,-30.000,-30.000,54.139,11.3,11.3,-30.000,-30.000
,0.199E+08,-3.583,39.918,54.824,-30.000,-30.000,54.139,11.3,11.2,-30.000,-30.000
,0.200E+08,-3.585,39.916,54.826,-30.000,-30.000,54.139,11.2,11.2,-30.000,-30.000
,0.201E+08,-3.586,39.915,54.828,-30.000,-30.000,54.139,11.2,11.2,-30.000,-30.000
,0.202E+08,-3.587,39.913,54.829,-30.000,-30.000,54.139,11.2,11.1,-30.000,-30.000
,0.203E+08,-3.589,39.912,54.831,-30.000,-30.000,54.139,11.1,11.1,-30.000,-30.000
,0.204E+08,-3.590,39.911,54.832,-30.000,-30.000,54.139,11.1,11.1,-30.000,-30.000
,0.205E+08,-3.592,39.909,54.834,-30.000,-30.000,54.139,11.1,11.1,-30.000,-30.000
,0.206E+08,-3.593,39.908,54.836,-30.000,-30.000,54.139,11.0,11.0,-30.000,-30.000
,0.207E+08,-3.594,39.907,54.837,-30.000,-30.000,54.139,11.0,11.0,-30.000,-30.000
,0.208E+08,-3.595,39.905,54.839,-30.000,-30.000,54.139,11.0,11.0,-30.000,-30.000
,0.209E+08,-3.597,39.904,54.841,-30.000,-30.000,54.139,10.9,10.9,-30.000,-30.000
,0.210E+08,-3.598,39.903,54.842,-30.000,-30.000,54.139,10.9,10.9,-30.000,-30.000
,0.211E+08,-3.599,39.901,54.844,-30.000,-30.000,54.139,10.9,10.9,-30.000,-30.000
,0.212E+08,-3.601,39.900,54.845,-30.000,-30.000,54.139,10.9,10.8,-30.000,-30.000
,0.213E+08,-3.602,39.899,54.847,-30.000,-30.000,54.139,10.8,10.8,-30.000,-30.000
,0.214E+08,-3.603,39.897,54.848,-30.000,-30.000,54.139,10.8,10.8,-30.000,-30.000
,0.215E+08,-3.604,39.896,54.850,-30.000,-30.000,54.139,10.8,10.8,-30.000,-30.000
,0.216E+08,-3.606,39.895,54.851,-30.000,-30.000,54.139,10.8,10.7,-30.000,-30.000
,0.217E+08,-3.607,39.894,54.853,-30.000,-30.000,54.139,10.7,10.7,-30.000,-30.000
,0.218E+08,-3.609,39.892,54.854,-30.000,-30.000,54.139,10.7,10.7,-30.000,-30.000
,0.219E+08,-3.610,39.891,54.856,-30.000,-30.000,54.139,10.7,10.7,-30.000,-30.000
,0.220E+08,-3.611,39.890,54.857,-30.000,-30.000,54.139,10.6,10.6,-30.000,-30.000
,0.221E+08,-3.612,39.889,54.859,-30.000,-30.000,54.139,10.6,10.6,-30.000,-30.000
,0.222E+08,-3.613,39.887,54.860,-30.000,-30.000,54.139,10.6,10.6,-30.000,-30.000
,0.223E+08,-3.615,39.886,54.862,-30.000,-30.000,54.139,10.6,10.6,-30.000,-30.000
,0.224E+08,-3.616,39.885,54.863,-30.000,-30.000,54.139,10.5,10.5,-30.000,-30.000
,0.225E+08,-3.617,39.884,54.865,-30.000,-30.000,54.139,10.5,10.5,-30.000,-30.000
,0.226E+08,-3.618,39.882,54.866,-30.000,-30.000,54.139,10.5,10.5,-30.000,-30.000
,0.227E+08,-3.620,39.881,54.867,-30.000,-30.000,54.139,10.5,10.4,-30.000,-30.000
,0.228E+08,-3.621,39.880,54.869,-30.000,-30.000,54.139,10.4,10.4,-30.000,-30.000
,0.229E+08,-3.622,39.879,54.870,-30.000,-30.000,54.139,10.4,10.4,-30.000,-30.000
,0.230E+08,-3.623,39.878,54.872,-30.000,-30.000,54.139,10.4,10.4,-30.000,-30.000
,0.231E+08,-3.624,39.876,54.873,-30.000,-30.000,54.139,10.4,10.4,-30.000,-30.000
,0.232E+08,-3.626,39.875,54.874,-30.000,-30.000,54.139,10.3,10.3,-30.000,-30.000
,0.233E+08,-3.627,39.874,54.876,-30.000,-30.000,54.139,10.3,10.3,-30.000,-30.000
,0.234E+08,-3.628,39.873,54.877,-30.000,-30.000,54.139,10.3,10.3,-30.000,-30.000
,0.235E+08,-3.629,39.872,54.878,-30.000,-30.000,54.139,10.3,10.3,-30.000,-30.000
,0.236E+08,-3.630,39.871,54.880,-30.000,-30.000,54.139,10.2,10.2,-30.000,-30.000
,0.237E+08,-3.632,39.869,54.881,-30.000,-30.000,54.139,10.2,10.2,-30.000,-30.000
,0.238E+08,-3.632,39.868,54.882,-30.000,-30.000,54.139,10.2,10.2,-30.000,-30.000
,0.239E+08,-3.634,39.867,54.884,-30.000,-30.000,54.139,10.2,10.2,-30.000,-30.000
,0.240E+08,-3.635,39.866,54.885,-30.000,-30.000,54.139,10.2,10.1,-30.000,-30.000
,0.241E+08,-3.636,39.865,54.886,-30.000,-30.000,54.139,10.1,10.1,-30.000,-30.000
,0.242E+08,-3.637,39.863,54.888,-30.000,-30.000,54.139,10.1,10.1,-30.000,-30.000
,0.243E+08,-3.638,39.863,54.889,-30.000,-30.000,54.139,10.1,10.1,-30.000,-30.000
,0.244E+08,-3.640,39.861,54.890,-30.000,-30.000,54.139,10.1,10.1,-30.000,-30.000
,0.245E+08,-3.641,39.860,54.892,-30.000,-30.000,54.139,10.0,10.0,-30.000,-30.000
,0.246E+08,-3.642,39.859,54.893,-30.000,-30.000,54.139,10.0,10.0,-30.000,-30.000
,0.247E+08,-3.643,39.858,54.894,-30.000,-30.000,54.139,10.0,10.0,-30.000,-30.000
,0.248E+08,-3.644,39.857,54.895,-30.000,-30.000,54.139,10.0,10.0,-30.000,-30.000
,0.249E+08,-3.645,39.856,54.897,-30.000,-30.000,54.139,10.0,9.9,-30.000,-30.000
,0.250E+08,-3.646,39.855,54.898,-30.000,-30.000,54.139,9.9,9.9,-30.000,-30.000
,0.251E+08,-3.647,39.854,54.899,-30.000,-30.000,54.139,9.9,9.9,-30.000,-30.000
,0.252E+08,-3.648,39.852,54.900,-30.000,-30.000,54.139,9.9,9.9,-30.000,-30.000
,0.253E+08,-3.650,39.851,54.902,-30.000,-30.000,54.139,9.9,9.9,-30.000,-30.000
,0.254E+08,-3.651,39.850,54.903,-30.000,-30.000,54.139,9.9,9.8,-30.000,-30.000
,0.255E+08,-3.652,39.849,54.904,-30.000,-30.000,54.139,9.8,9.8,-30.000,-30.000
,0.256E+08,-3.653,39.848,54.905,-30.000,-30.000,54.139,9.8,9.8,-30.000,-30.000
,0.257E+08,-3.654,39.847,54.906,-30.000,-30.000,54.139,9.8,9.8,-30.000,-30.000
,0.258E+08,-3.655,39.846,54.908,-30.000,-30.000,54.139,9.8,9.8,-30.000,-30.000
,0.259E+08,-3.656,39.845,54.909,-30.000,-30.000,54.139,9.8,9.7,-30.000,-30.000
,0.260E+08,-3.657,39.844,54.910,-30.000,-30.000,54.139,9.7,9.7,-30.000,-30.000
,0.261E+08,-3.658,39.843,54.911,-30.000,-30.000,54.139,9.7,9.7,-30.000,-30.000
,0.262E+08,-3.659,39.842,54.912,-30.000,-30.000,54.139,9.7,9.7,-30.000,-30.000
,0.263E+08,-3.660,39.841,54.913,-30.000,-30.000,54.139,9.7,9.7,-30.000,-30.000
,0.264E+08,-3.661,39.839,54.915,-30.000,-30.000,54.139,9.7,9.7,-30.000,-30.000
,0.265E+08,-3.662,39.839,54.916,-30.000,-30.000,54.139,9.6,9.6,-30.000,-30.000
,0.266E+08,-3.663,39.838,54.917,-30.000,-30.000,54.139,9.6,9.6,-30.000,-30.000
,0.267E+08,-3.665,39.836,54.918,-30.000,-30.000,54.139,9.6,9.6,-30.000,-30.000
,0.268E+08,-3.665,39.836,54.919,-30.000,-30.000,54.139,9.6,9.6,-30.000,-30.000
,0.269E+08,-3.667,39.834,54.920,-30.000,-30.000,54.139,9.6,9.6,-30.000,-30.000
,0.270E+08,-3.667,39.833,54.921,-30.000,-30.000,54.139,9.6,9.5,-30.000,-30.000
,0.271E+08,-3.669,39.832,54.923,-30.000,-30.000,54.139,9.5,9.5,-30.000,-30.000
,0.272E+08,-3.669,39.831,54.924,-30.000,-30.000,54.139,9.5,9.5,-30.000,-30.000
,0.273E+08,-3.671,39.830,54.925,-30.000,-30.000,54.139,9.5,9.5,-30.000,-30.000
,0.274E+08,-3.671,39.829,54.926,-30.000,-30.000,54.139,9.5,9.5,-30.000,-30.000
,0.275E+08,-3.673,39.828,54.927,-30.000,-30.000,54.139,9.5,9.5,-30.000,-30.000
,0.276E+08,-3.674,39.827,54.928,-30.000,-30.000,54.139,9.4,9.4,-30.000,-30.000
,0.277E+08,-3.674,39.827,54.929,-30.000,-30.000,54.139,9.4,9.4,-30.000,-30.000
,0.278E+08,-3.676,39.825,54.930,-30.000,-30.000,54.139,9.4,9.4,-30.000,-30.000
,0.279E+08,-3.677,39.824,54.931,-30.000,-30.000,54.139,9.4,9.4,-30.000,-30.000
,0.280E+08,-3.677,39.823,54.932,-30.000,-30.000,54.139,9.4,9.4,-30.000,-30.000
,0.281E+08,-3.679,39.822,54.933,-30.000,-30.000,54.139,9.4,9.3,-30.000,-30.000
,0.282E+08,-3.679,39.821,54.934,-30.000,-30.000,54.139,9.3,9.3,-30.000,-30.000
,0.283E+08,-3.681,39.820,54.935,-30.000,-30.000,54.139,9.3,9.3,-30.000,-30.000
,0.284E+08,-3.681,39.820,54.937,-30.000,-30.000,54.139,9.3,9.3,-30.000,-30.000
,0.285E+08,-3.683,39.818,54.938,-30.000,-30.000,54.139,9.3,9.3,-30.000,-30.000
,0.286E+08,-3.684,39.817,54.939,-30.000,-30.000,54.139,9.3,9.3,-30.000,-30.000
,0.287E+08,-3.684,39.817,54.940,-30.000,-30.000,54.139,9.3,9.3,-30.000,-30.000
,0.288E+08,-3.685,39.815,54.941,-30.000,-30.000,54.139,9.2,9.2,-30.000,-30.000
,0.289E+08,-3.686,39.815,54.942,-30.000,-30.000,54.139,9.2,9.2,-30.000,-30.000
,0.290E+08,-3.688,39.813,54.943,-30.000,-30.000,54.139,9.2,9.2,-30.000,-30.000
,0.291E+08,-3.688,39.813,54.944,-30.000,-30.000,54.139,9.2,9.2,-30.000,-30.000
,0.292E+08,-3.689,39.812,54.945,-30.000,-30.000,54.139,9.2,9.2,-30.000,-30.000
,0.293E+08,-3.690,39.811,54.946,-30.000,-30.000,54.139,9.2,9.2,-30.000,-30.000
,0.294E+08,-3.691,39.810,54.947,-30.000,-30.000,54.139,9.1,9.1,-30.000,-30.000
,0.295E+08,-3.692,39.809,54.948,-30.000,-30.000,54.139,9.1,9.1,-30.000,-30.000
,0.296E+08,-3.693,39.808,54.949,-30.000,-30.000,54.139,9.1,9.1,-30.000,-30.000
,0.297E+08,-3.694,39.807,54.950,-30.000,-30.000,54.139,9.1,9.1,-30.000,-30.000
,0.298E+08,-3.695,39.806,54.951,-30.000,-30.000,54.139,9.1,9.1,-30.000,-30.000
,0.299E+08,-3.696,39.805,54.952,-30.000,-30.000,54.139,9.1,9.1,-30.000,-30.000
,0.300E+08,-3.697,39.804,54.953,-30.000,-30.000,54.139,9.1,9.0,-30.000,-30.000
,0.301E+08,-3.697,39.803,54.954,-30.000,-30.000,54.139,9.0,9.0,-30.000,-30.000
,0.302E+08,-3.699,39.802,54.955,-30.000,-30.000,54.139,9.0,9.0,-30.000,-30.000
,0.303E+08,-3.700,39.801,54.956,-30.000,-30.000,54.139,9.0,9.0,-30.000,-30.000
,0.304E+08,-3.685,39.816,54.957,-30.000,-30.000,54.139,9.0,9.0,-30.000,-30.000
,0.305E+08,-3.678,39.822,54.958,-30.000,-30.000,54.139,9.0,9.0,-30.000,-30.000
,0.306E+08,-3.679,39.822,54.959,-30.000,-30.000,54.139,9.0,9.0,-30.000,-30.000
,0.307E+08,-3.679,39.821,54.960,-30.000,-30.000,54.139,9.0,8.9,-30.000,-30.000
,0.308E+08,-3.680,39.821,54.961,-30.000,-30.000,54.139,8.9,8.9,-30.000,-30.000
,0.309E+08,-3.681,39.820,54.962,-30.000,-30.000,54.139,8.9,8.9,-30.000,-30.000
,0.310E+08,-3.681,39.819,54.963,-30.000,-30.000,54.139,8.9,8.9,-30.000,-30.000
,0.311E+08,-3.682,39.819,54.964,-30.000,-30.000,54.139,8.9,8.9,-30.000,-30.000
,0.312E+08,-3.683,39.818,54.964,-30.000,-30.000,54.139,8.9,8.9,-30.000,-30.000
,0.313E+08,-3.683,39.818,54.965,-30.000,-30.000,54.139,8.9,8.9,-30.000,-30.000
,0.314E+08,-3.684,39.817,54.966,-30.000,-30.000,54.139,8.8,8.8,-30.000,-30.000
,0.315E+08,-3.685,39.816,54.967,-30.000,-30.000,54.139,8.8,8.8,-30.000,-30.000
,0.316E+08,-3.685,39.816,54.968,-30.000,-30.000,54.139,8.8,8.8,-30.000,-30.000
,0.317E+08,-3.686,39.815,54.969,-30.000,-30.000,54.139,8.8,8.8,-30.000,-30.000
,0.318E+08,-3.686,39.814,54.970,-30.000,-30.000,54.139,8.8,8.8,-30.000,-30.000
,0.319E+08,-3.687,39.814,54.971,-30.000,-30.000,54.139,8.8,8.8,-30.000,-30.000
,0.320E+08,-3.688,39.813,54.972,-30.000,-30.000,54.139,8.8,8.8,-30.000,-30.000
,0.321E+08,-3.688,39.813,54.973,-30.000,-30.000,54.139,8.7,8.7,-30.000,-30.000
,0.322E+08,-3.689,39.812,54.974,-30.000,-30.000,54.139,8.7,8.7,-30.000,-30.000
,0.323E+08,-3.690,39.811,54.975,-30.000,-30.000,54.139,8.7,8.7,-30.000,-30.000
,0.324E+08,-3.690,39.811,54.976,-30.000,-30.000,54.139,8.7,8.7,-30.000,-30.000
,0.325E+08,-3.691,39.810,54.977,-30.000,-30.000,54.139,8.7,8.7,-30.000,-30.000
,0.326E+08,-3.691,39.810,54.978,-30.000,-30.000,54.139,8.7,8.7,-30.000,-30.000
,0.327E+08,-3.692,39.809,54.979,-30.000,-30.000,54.139,8.7,8.7,-30.000,-30.000
,0.328E+08,-3.692,39.809,54.980,-30.000,-30.000,54.139,8.7,8.6,-30.000,-30.000
,0.329E+08,-3.693,39.808,54.981,-30.000,-30.000,54.139,8.6,8.6,-30.000,-30.000
,0.330E+08,-3.693,39.808,54.982,-30.000,-30.000,54.139,8.6,8.6,-30.000,-30.000
,0.331E+08,-3.694,39.807,54.982,-30.000,-30.000,54.139,8.6,8.6,-30.000,-30.000
,0.332E+08,-3.694,39.807,54.983,-30.000,-30.000,54.139,8.6,8.6,-30.000,-30.000
,0.333E+08,-3.695,39.806,54.984,-30.000,-30.000,54.139,8.6,8.6,-30.000,-30.000
,0.334E+08,-3.696,39.805,54.985,-30.000,-30.000,54.139,8.6,8.6,-30.000,-30.000
,0.335E+08,-3.696,39.805,54.986,-30.000,-30.000,54.139,8.6,8.5,-30.000,-30.000
,0.336E+08,-3.697,39.804,54.987,-30.000,-30.000,54.139,8.5,8.5,-30.000,-30.000
,0.337E+08,-3.697,39.803,54.988,-30.000,-30.000,54.139,8.5,8.5,-30.000,-30.000
,0.338E+08,-3.698,39.803,54.989,-30.000,-30.000,54.139,8.5,8.5,-30.000,-30.000
,0.339E+08,-3.699,39.802,54.990,-30.000,-30.000,54.139,8.5,8.5,-30.000,-30.000
,0.340E+08,-3.699,39.802,54.991,-30.000,-30.000,54.139,8.5,8.5,-30.000,-30.000
,0.341E+08,-3.700,39.801,54.991,-30.000,-30.000,54.139,8.5,8.5,-30.000,-30.000
,0.342E+08,-3.701,39.800,54.992,-30.000,-30.000,54.139,8.5,8.5,-30.000,-30.000
,0.343E+08,-3.701,39.800,54.993,-30.000,-30.000,54.139,8.5,8.4,-30.000,-30.000
,0.344E+08,-3.702,39.799,54.994,-30.000,-30.000,54.139,8.4,8.4,-30.000,-30.000
,0.345E+08,-3.702,39.799,54.995,-30.000,-30.000,54.139,8.4,8.4,-30.000,-30.000
,0.346E+08,-3.703,39.798,54.996,-30.000,-30.000,54.139,8.4,8.4,-30.000,-30.000
,0.347E+08,-3.703,39.797,54.997,-30.000,-30.000,54.139,8.4,8.4,-30.000,-30.000
,0.348E+08,-3.703,39.798,54.998,-30.000,-30.000,54.139,8.4,8.4,-30.000,-30.000
,0.349E+08,-3.705,39.796,54.998,-30.000,-30.000,54.139,8.4,8.4,-30.000,-30.000
,0.350E+08,-3.705,39.796,54.999,-30.000,-30.000,54.139,8.4,8.4,-30.000,-30.000
,0.351E+08,-3.706,39.795,55.000,-30.000,-30.000,54.139,8.4,8.3,-30.000,-30.000
,0.352E+08,-3.706,39.795,55.001,-30.000,-30.000,54.139,8.3,8.3,-30.000,-30.000
,0.353E+08,-3.707,39.794,55.002,-30.000,-30.000,54.139,8.3,8.3,-30.000,-30.000
,0.354E+08,-3.707,39.794,55.003,-30.000,-30.000,54.139,8.3,8.3,-30.000,-30.000
,0.355E+08,-3.708,39.793,55.004,-30.000,-30.000,54.139,8.3,8.3,-30.000,-30.000
,0.356E+08,-3.708,39.793,55.004,-30.000,-30.000,54.139,8.3,8.3,-30.000,-30.000
,0.357E+08,-3.709,39.792,55.005,-30.000,-30.000,54.139,8.3,8.3,-30.000,-30.000
,0.358E+08,-3.709,39.792,55.006,-30.000,-30.000,54.139,8.3,8.3,-30.000,-30.000
,0.359E+08,-3.710,39.791,55.007,-30.000,-30.000,54.139,8.3,8.3,-30.000,-30.000
,0.360E+08,-3.710,39.791,55.008,-30.000,-30.000,54.139,8.2,8.2,-30.000,-30.000
,0.361E+08,-3.711,39.790,55.009,-30.000,-30.000,54.139,8.2,8.2,-30.000,-30.000
,0.362E+08,-3.712,39.789,55.009,-30.000,-30.000,54.139,8.2,8.2,-30.000,-30.000
,0.363E+08,-3.712,39.789,55.010,-30.000,-30.000,54.139,8.2,8.2,-30.000,-30.000
,0.364E+08,-3.713,39.788,55.011,-30.000,-30.000,54.139,8.2,8.2,-30.000,-30.000
,0.365E+08,-3.713,39.788,55.012,-30.000,-30.000,54.139,8.2,8.2,-30.000,-30.000
,0.366E+08,-3.713,39.788,55.013,-30.000,-30.000,54.139,8.2,8.2,-30.000,-30.000
,0.367E+08,-3.714,39.787,55.013,-30.000,-30.000,54.139,8.2,8.2,-30.000,-30.000
,0.368E+08,-3.715,39.786,55.014,-30.000,-30.000,54.139,8.2,8.1,-30.000,-30.000
,0.369E+08,-3.715,39.786,55.015,-30.000,-30.000,54.139,8.1,8.1,-30.000,-30.000
,0.370E+08,-3.716,39.785,55.016,-30.000,-30.000,54.139,8.1,8.1,-30.000,-30.000
,0.371E+08,-3.716,39.785,55.017,-30.000,-30.000,54.139,8.1,8.1,-30.000,-30.000
,0.372E+08,-3.717,39.784,55.017,-30.000,-30.000,54.139,8.1,8.1,-30.000,-30.000
,0.373E+08,-3.717,39.784,55.018,-30.000,-30.000,54.139,8.1,8.1,-30.000,-30.000
,0.374E+08,-3.718,39.783,55.019,-30.000,-30.000,54.139,8.1,8.1,-30.000,-30.000
,0.375E+08,-3.718,39.783,55.020,-30.000,-30.000,54.139,8.1,8.1,-30.000,-30.000
,0.376E+08,-3.719,39.782,55.021,-30.000,-30.000,54.139,8.1,8.1,-30.000,-30.000
,0.377E+08,-3.719,39.781,55.021,-30.000,-30.000,54.139,8.1,8.0,-30.000,-30.000
,0.378E+08,-3.720,39.781,55.022,-30.000,-30.000,54.139,8.0,8.0,-30.000,-30.000
,0.379E+08,-3.720,39.781,55.023,-30.000,-30.000,54.139,8.0,8.0,-30.000,-30.000
,0.380E+08,-3.721,39.780,55.024,-30.000,-30.000,54.139,8.0,8.0,-30.000,-30.000
,0.381E+08,-3.722,39.779,55.025,-30.000,-30.000,54.139,8.0,8.0,-30.000,-30.000
,0.382E+08,-3.922,39.579,55.025,-30.000,-30.000,54.139,8.0,0.0,-30.000,-30.000
,0.383E+08,-30.000,-30.000,55.025,-30.000,-30.000,54.139,0.0,0.0,-30.000,-30.000
,0.384E+08,-30.000,-30.000,55.025,-30.000,-30.000,54.139,0.0,0.0,-30.000,-30.000
,0.385E+08,-30.000,-30.000,55.025,-30.000,-30.000,54.139,0.0,0.0,-30.000,-30.000
,0.386E+08,-30.000,-30.000,55.025,-30.000,-30.000,54.139,0.0,0.0,-30.000,-30.000
,0.387E+08,-30.000,-30.000,55.025,-30.000,-30.000,54.139,0.0,0.0,-30.000,-30.000
,0.388E+08,-30.000,-30.000,55.025,-30.000,-30.000,54.139,0.0,0.0,-30.000,-30.000
,0.389E+08,-30.000,-30.000,55.025,-30.000,-30.000,54.139,0.0,0.0,-30.000,-30.000
,0.390E+08,-30.000,-30.000,55.025,-30.000,-30.000,54.139,0.0,0.0,-30.000,-30.000
,0.391E+08,-30.000,-30.000,55.025,-30.000,-30.000,54.139,0.0,0.0,-30.000,-30.000
,0.392E+08,-30.000,-30.000,55.025,-30.000,-30.000,54.139,0.0,0.0,-30.000,-30.000
,0.393E+08,-30.000,-30.000,55.025,-30.000,-30.000,54.139,0.0,0.0,-30.000,-30.000
,0.394E+08,-30.000,-30.000,55.025,-30.000,-30.000,54.139,0.0,0.0,-30.000,-30.000
,0.395E+08,-30.000,-30.000,55.025,-30.000,-30.000,54.139,0.0,0.0,-30.000,-30.000
,0.396E+08,-30.000,-30.000,55.025,-30.000,-30.000,54.139,0.0,0.0,-30.000,-30.000
,0.397E+08,-30.000,-30.000,55.025,-30.000,-30.000,54.139,0.0,0.0,-30.000,-30.000
,0.398E+08,-30.000,-30.000,55.025,-30.000,-30.000,54.139,0.0,0.0,-30.000,-30.000
,0.399E+08,-30.000,-30.000,55.025,-30.000,-30.000,54.139,0.0,0.0,-30.000,-30.000
,0.400E+08,-30.000,-30.000,55.025,-30.000,-30.000,54.139,0.0,0.0,-30.000,-30.000
,0.401E+08,-30.000,-30.000,55.025,-30.000,-30.000,54.139,0.0,0.0,-30.000,-30.000
,0.402E+08,-30.000,-30.000,55.025,-30.000,-30.000,54.139,0.0,0.0,-30.000,-30.000
,0.403E+08,-30.000,-30.000,55.025,-30.000,-30.000,54.139,0.0,0.0,-30.000,-30.000
,0.404E+08,-30.000,-30.000,55.025,-30.000,-30.000,54.139,0.0,0.0,-30.000,-30.000
,0.405E+08,-30.000,-30.000,55.025,-30.000,-30.000,54.139,0.0,0.0,-30.000,-30.000
,0.406E+08,-30.000,-30.000,55.025,-30.000,-30.000,54.139,0.0,0.0,-30.000,-30.000
,0.407E+08,-30.000,-30.000,55.025,-30.000,-30.000,54.139,0.0,0.0,-30.000,-30.000
,0.408E+08,-30.000,-30.000,55.025,-30.000,-30.000,54.139,0.0,0.0,-30.000,-30.000
,0.409E+08,-30.000,-30.000,55.025,-30.000,-30.000,54.139,0.0,0.0,-30.000,-30.000
,0.410E+08,-30.000,-30.000,55.025,-30.000,-30.000,54.139,0.0,0.0,-30.000,-30.000
,0.411E+08,-30.000,-30.000,55.025,-30.000,-30.000,54.139,0.0,0.0,-30.000,-30.000
,0.412E+08,-30.000,-30.000,55.025,-30.000,-30.000,54.139,0.0,0.0,-30.000,-30.000
,0.413E+08,-30.000,-30.000,55.025,-30.000,-30.000,54.139,0.0,0.0,-30.000,-30.000
,0.414E+08,-30.000,-30.000,55.025,-30.000,-30.000,54.139,0.0,0.0,-30.000,-30.000
,0.415E+08,-30.000,-30.000,55.025,-30.000,-30.000,54.139,0.0,0.0,-30.000,-30.000
,0.416E+08,-30.000,-30.000,55.025,-30.000,-30.000,54.139,0.0,0.0,-30.000,-30.000
,0.417E+08,-30.000,-30.000,55.025,-30.000,-30.000,54.139,0.0,0.0,-30.000,-30.000
,0.418E+08,-30.000,-30.000,55.025,-30.000,-30.000,54.139,0.0,0.0,-30.000,-30.000
,0.419E+08,-30.000,-30.000,55.025,-30.000,-30.000,54.139,0.0,0.0,-30.000,-30.000
,0.420E+08,-30.000,-30.000,55.025,-30.000,-30.000,54.139,0.0,0.0,-30.000,-30.000
,0.421E+08,-30.000,-30.000,55.025,-30.000,-30.000,54.139,0.0,0.0,-30.000,-30.000
,0.422E+08,-30.000,-30.000,55.025,-30.000,-30.000,54.139,0.0,0.0,-30.000,-30.000
,0.423E+08,-30.000,-30.000,55.025,-30.000,-30.000,54.139,0.0,0.0,-30.000,-30.000
,0.424E+08,-30.000,-30.000,55.025,-30.000,-30.000,54.139,0.0,0.0,-30.000,-30.000
,0.425E+08,-30.000,-30.000,55.025,-30.000,-30.000,54.139,0.0,0.0,-30.000,-30.000
,0.426E+08,-30.000,-30.000,55.025,-30.000,-30.000,54.139,0.0,0.0,-30.000,-30.000
,0.427E+08,-30.000,-30.000,55.025,-30.000,-30.000,54.139,0.0,0.0,-30.000,-30.000
,0.428E+08,-30.000,-30.000,55.025,-30.000,-30.000,54.139,0.0,0.0,-30.000,-30.000
,0.429E+08,-30.000,-30.000,55.025,-30.000,-30.000,54.139,0.0,0.0,-30.000,-30.000
,0.430E+08,-30.000,-30.000,55.025,-30.000,-30.000,54.139,0.0,0.0,-30.000,-30.000
,0.431E+08,-30.000,-30.000,55.025,-30.000,-30.000,54.139,0.0,0.0,-30.000,-30.000
,0.432E+08,-30.000,-30.000,55.025,-30.000,-30.000,54.139,0.0,0.0,-30.000,-30.000
,0.433E+08,-30.000,-30.000,55.025,-30.000,-30.000,54.139,0.0,0.0,-30.000,-30.000
,0.434E+08,-30.000,-30.000,55.025,-30.000,-30.000,54.139,0.0,0.0,-30.000,-30.000
,0.435E+08,-30.000,-30.000,55.025,-30.000,-30.000,54.139,0.0,0.0,-30.000,-30.000
,0.436E+08,-30.000,-30.000,55.025,-30.000,-30.000,54.139,0.0,0.0,-30.000,-30.000
,0.437E+08,-30.000,-30.000,55.025,-30.000,-30.000,54.139,0.0,0.0,-30.000,-30.000
,0.438E+08,-30.000,-30.000,55.025,-30.000,-30.000,54.139,0.0,0.0,-30.000,-30.000
,0.439E+08,-30.000,-30.000,55.025,-30.000,-30.000,54.139,0.0,0.0,-30.000,-30.000
,0.440E+08,-30.000,-30.000,55.025,-30.000,-30.000,54.139,0.0,0.0,-30.000,-30.000
,0.441E+08,-30.000,-30.000,55.025,-30.000,-30.000,54.139,0.0,0.0,-30.000,-30.000
,0.442E+08,-30.000,-30.000,55.025,-30.000,-30.000,54.139,0.0,0.0,-30.000,-30.000
,0.443E+08,-30.000,-30.000,55.025,-30.000,-30.000,54.139,0.0,0.0,-30.000,-30.000
,0.444E+08,-30.000,-30.000,55.025,-30.000,-30.000,54.139,0.0,0.0,-30.000,-30.000
,0.445E+08,-30.000,-30.000,55.025,-30.000,-30.000,54.139,0.0,0.0,-30.000,-30.000
,0.446E+08,-30.000,-30.000,55.025,-30.000,-30.000,54.139,0.0,0.0,-30.000,-30.000
,0.447E+08,-30.000,-30.000,55.025,-30.000,-30.000,54.139,0.0,0.0,-30.000,-30.000
,0.448E+08,-30.000,-30.000,55.025,-30.000,-30.000,54.139,0.0,0.0,-30.000,-30.000
,0.449E+08,-30.000,-30.000,55.025,-30.000,-30.000,54.139,0.0,0.0,-30.000,-30.000
,0.450E+08,-30.000,-30.000,55.025,-30.000,-30.000,54.139,0.0,0.0,-30.000,-30.000
,0.451E+08,-30.000,-30.000,55.025,-30.000,-30.000,54.139,0.0,0.0,-30.000,-30.000
,0.452E+08,-30.000,-30.000,55.025,-30.000,-30.000,54.139,0.0,0.0,-30.000,-30.000
,0.453E+08,-30.000,-30.000,55.025,-30.000,-30.000,54.139,0.0,0.0,-30.000,-30.000
,0.454E+08,-30.000,-30.000,55.025,-30.000,-30.000,54.139,0.0,0.0,-30.000,-30.000
,0.455E+08,-30.000,-30.000,55.025,-30.000,-30.000,54.139,0.0,0.0,-30.000,-30.000
,0.456E+08,-30.000,-30.000,55.025,-30.000,-30.000,54.139,0.0,0.0,-30.000,-30.000
,0.457E+08,-30.000,-30.000,55.025,-30.000,-30.000,54.139,0.0,0.0,-30.000,-30.000
,0.458E+08,-30.000,-30.000,55.025,-30.000,-30.000,54.139,0.0,0.0,-30.000,-30.000
,0.459E+08,-30.000,-30.000,55.025,-30.000,-30.000,54.139,0.0,0.0,-30.000,-30.000
,0.460E+08,-30.000,-30.000,55.025,-30.000,-30.000,54.139,0.0,0.0,-30.000,-30.000
,0.461E+08,-30.000,-30.000,55.025,-30.000,-30.000,54.139,0.0,0.0,-30.000,-30.000
,0.462E+08,-30.000,-30.000,55.025,-30.000,-30.000,54.139,0.0,0.0,-30.000,-30.000
,0.463E+08,-30.000,-30.000,55.025,-30.000,-30.000,54.139,0.0,0.0,-30.000,-30.000
,0.464E+08,-30.000,-30.000,55.025,-30.000,-30.000,54.139,0.0,0.0,-30.000,-30.000
,0.465E+08,-30.000,-30.000,55.025,-30.000,-30.000,54.139,0.0,0.0,-30.000,-30.000
,0.466E+08,-30.000,-30.000,55.025,-30.000,-30.000,54.139,0.0,0.0,-30.000,-30.000
,0.467E+08,-30.000,-30.000,55.025,-30.000,-30.000,54.139,0.0,0.0,-30.000,-30.000
,0.468E+08,-30.000,-30.000,55.025,-30.000,-30.000,54.139,0.0,0.0,-30.000,-30.000
,0.469E+08,-30.000,-30.000,55.025,-30.000,-30.000,54.139,0.0,0.0,-30.000,-30.000
,0.470E+08,-30.000,-30.000,55.025,-30.000,-30.000,54.139,0.0,0.0,-30.000,-30.000
,0.471E+08,-30.000,-30.000,55.025,-30.000,-30.000,54.139,0.0,0.0,-30.000,-30.000
,0.472E+08,-30.000,-30.000,55.025,-30.000,-30.000,54.139,0.0,0.0,-30.000,-30.000
,0.473E+08,-30.000,-30.000,55.025,-30.000,-30.000,54.139,0.0,0.0,-30.000,-30.000
,0.474E+08,-30.000,-30.000,55.025,-30.000,-30.000,54.139,0.0,0.0,-30.000,-30.000
,0.475E+08,-30.000,-30.000,55.025,-30.000,-30.000,54.139,0.0,0.0,-30.000,-30.000
,0.476E+08,-30.000,-30.000,55.025,-30.000,-30.000,54.139,0.0,0.0,-30.000,-30.000
,0.477E+08,-30.000,-30.000,55.025,-30.000,-30.000,54.139,0.0,0.0,-30.000,-30.000
,0.478E+08,-30.000,-30.000,55.025,-30.000,-30.000,54.139,0.0,0.0,-30.000,-30.000
,0.479E+08,-30.000,-30.000,55.025,-30.000,-30.000,54.139,0.0,0.0,-30.000,-30.000
,0.480E+08,-30.000,-30.000,55.025,-30.000,-30.000,54.139,0.0,0.0,-30.000,-30.000
,0.481E+08,-30.000,-30.000,55.025,-30.000,-30.000,54.139,0.0,0.0,-30.000,-30.000
,0.482E+08,-30.000,-30.000,55.025,-30.000,-30.000,54.139,0.0,0.0,-30.000,-30.000
,0.483E+08,-30.000,-30.000,55.025,-30.000,-30.000,54.139,0.0,0.0,-30.000,-30.000
,0.484E+08,-30.000,-30.000,55.025,-30.000,-30.000,54.139,0.0,0.0,-30.000,-30.000
,0.485E+08,-30.000,-30.000,55.025,-30.000,-30.000,54.139,0.0,0.0,-30.000,-30.000
,0.486E+08,-30.000,-30.000,55.025,-30.000,-30.000,54.139,0.0,0.0,-30.000,-30.000
,0.487E+08,-30.000,-30.000,55.025,-30.000,-30.000,54.139,0.0,0.0,-30.000,-30.000
,0.488E+08,-30.000,-30.000,55.025,-30.000,-30.000,54.139,0.0,0.0,-30.000,-30.000
,0.489E+08,-30.000,-30.000,55.025,-30.000,-30.000,54.139,0.0,0.0,-30.000,-30.000
,0.490E+08,-30.000,-30.000,55.025,-30.000,-30.000,54.139,0.0,0.0,-30.000,-30.000
,0.491E+08,-30.000,-30.000,55.025,-30.000,-30.000,54.139,0.0,0.0,-30.000,-30.000
,0.492E+08,-30.000,-30.000,55.025,-30.000,-30.000,54.139,0.0,0.0,-30.000,-30.000
,0.493E+08,-30.000,-30.000,55.025,-30.000,-30.000,54.139,0.0,0.0,-30.000,-30.000
,0.494E+08,-30.000,-30.000,55.025,-30.000,-30.000,54.139,0.0,0.0,-30.000,-30.000
,0.495E+08,-30.000,-30.000,55.025,-30.000,-30.000,54.139,0.0,0.0,-30.000,-30.000
,0.496E+08,-30.000,-30.000,55.025,-30.000,-30.000,54.139,0.0,0.0,-30.000,-30.000
,0.497E+08,-30.000,-30.000,55.025,-30.000,-30.000,54.139,0.0,0.0,-30.000,-30.000
,0.498E+08,-30.000,-30.000,55.025,-30.000,-30.000,54.139,0.0,0.0,-30.000,-30.000
,0.499E+08,-30.000,-30.000,55.025,-30.000,-30.000,54.139,0.0,0.0,-30.000,-30.000
,0.500E+08,-30.000,-30.000,55.025,-30.000,-30.000,54.139,0.0,0.0,-30.000,-30.000
,0.501E+08,-30.000,-30.000,55.025,-30.000,-30.000,54.139,0.0,0.0,-30.000,-30.000
,0.502E+08,-30.000,-30.000,55.025,-30.000,-30.000,54.139,0.0,0.0,-30.000,-30.000
,0.503E+08,-30.000,-30.000,55.025,-30.000,-30.000,54.139,0.0,0.0,-30.000,-30.000
,0.504E+08,-30.000,-30.000,55.025,-30.000,-30.000,54.139,0.0,0.0,-30.000,-30.000
,0.505E+08,-30.000,-30.000,55.025,-30.000,-30.000,54.139,0.0,0.0,-30.000,-30.000
,0.506E+08,-30.000,-30.000,55.025,-30.000,-30.000,54.139,0.0,0.0,-30.000,-30.000
,0.507E+08,-30.000,-30.000,55.025,-30.000,-30.000,54.139,0.0,0.0,-30.000,-30.000
,0.508E+08,-30.000,-30.000,55.025,-30.000,-30.000,54.139,0.0,0.0,-30.000,-30.000
,0.509E+08,-30.000,-30.000,55.025,-30.000,-30.000,54.139,0.0,0.0,-30.000,-30.000
,0.510E+08,-30.000,-30.000,55.025,-30.000,-30.000,54.139,0.0,0.0,-30.000,-30.000
,0.511E+08,-30.000,-30.000,55.025,-30.000,-30.000,54.139,0.0,0.0,-30.000,-30.000
,0.512E+08,-30.000,-30.000,55.025,-30.000,-30.000,54.139,0.0,0.0,-30.000,-30.000
,0.513E+08,-30.000,-30.000,55.025,-30.000,-30.000,54.139,0.0,0.0,-30.000,-30.000
,0.514E+08,-30.000,-30.000,55.025,-30.000,-30.000,54.139,0.0,0.0,-30.000,-30.000
,0.515E+08,-30.000,-30.000,55.025,-30.000,-30.000,54.139,0.0,0.0,-30.000,-30.000
,0.516E+08,-30.000,-30.000,55.025,-30.000,-30.000,54.139,0.0,0.0,-30.000,-30.000
,0.517E+08,-30.000,-30.000,55.025,-30.000,-30.000,54.139,0.0,0.0,-30.000,-30.000
,0.518E+08,-30.000,-30.000,55.025,-30.000,-30.000,54.139,0.0,0.0,-30.000,-30.000
,0.519E+08,-30.000,-30.000,55.025,-30.000,-30.000,54.139,0.0,0.0,-30.000,-30.000
,0.520E+08,-30.000,-30.000,55.025,-30.000,-30.000,54.139,0.0,0.0,-30.000,-30.000
,0.521E+08,-30.000,-30.000,55.025,-30.000,-30.000,54.139,0.0,0.0,-30.000,-30.000
,0.522E+08,-30.000,-30.000,55.025,-30.000,-30.000,54.139,0.0,0.0,-30.000,-30.000
,0.523E+08,-30.000,-30.000,55.025,-30.000,-30.000,54.139,0.0,0.0,-30.000,-30.000
,0.524E+08,-30.000,-30.000,55.025,-30.000,-30.000,54.139,0.0,0.0,-30.000,-30.000
,0.525E+08,-30.000,-30.000,55.025,-30.000,-30.000,54.139,0.0,0.0,-30.000,-30.000
,0.526E+08,-30.000,-30.000,55.025,-30.000,-30.000,54.139,0.0,0.0,-30.000,-30.000
,0.527E+08,-30.000,-30.000,55.025,-30.000,-30.000,54.139,0.0,0.0,-30.000,-30.000
,0.528E+08,-30.000,-30.000,55.025,-30.000,-30.000,54.139,0.0,0.0,-30.000,-30.000
,0.529E+08,-30.000,-30.000,55.025,-30.000,-30.000,54.139,0.0,0.0,-30.000,-30.000
,0.530E+08,-30.000,-30.000,55.025,-30.000,-30.000,54.139,0.0,0.0,-30.000,-30.000
,0.531E+08,-30.000,-30.000,55.025,-30.000,-30.000,54.139,0.0,0.0,-30.000,-30.000
,0.532E+08,-30.000,-30.000,55.025,-30.000,-30.000,54.139,0.0,0.0,-30.000,-30.000
,0.533E+08,-30.000,-30.000,55.025,-30.000,-30.000,54.139,0.0,0.0,-30.000,-30.000
,0.534E+08,-30.000,-30.000,55.025,-30.000,-30.000,54.139,0.0,0.0,-30.000,-30.000
,0.535E+08,-30.000,-30.000,55.025,-30.000,-30.000,54.139,0.0,0.0,-30.000,-30.000
,0.536E+08,-30.000,-30.000,55.025,-30.000,-30.000,54.139,0.0,0.0,-30.000,-30.000
,0.537E+08,-30.000,-30.000,55.025,-30.000,-30.000,54.139,0.0,0.0,-30.000,-30.000
,0.538E+08,-30.000,-30.000,55.025,-30.000,-30.000,54.139,0.0,0.0,-30.000,-30.000
,0.539E+08,-30.000,-30.000,55.025,-30.000,-30.000,54.139,0.0,0.0,-30.000,-30.000
,0.540E+08,-30.000,-30.000,55.025,-30.000,-30.000,54.139,0.0,0.0,-30.000,-30.000
,0.541E+08,-30.000,-30.000,55.025,-30.000,-30.000,54.139,0.0,0.0,-30.000,-30.000
,0.542E+08,-30.000,-30.000,55.025,-30.000,-30.000,54.139,0.0,0.0,-30.000,-30.000
,0.543E+08,-30.000,-30.000,55.025,-30.000,-30.000,54.139,0.0,0.0,-30.000,-30.000
,0.544E+08,-30.000,-30.000,55.025,-30.000,-30.000,54.139,0.0,0.0,-30.000,-30.000
,0.545E+08,-30.000,-30.000,55.025,-30.000,-30.000,54.139,0.0,0.0,-30.000,-30.000
,0.546E+08,-30.000,-30.000,55.025,-30.000,-30.000,54.139,0.0,0.0,-30.000,-30.000
,0.547E+08,-30.000,-30.000,55.025,-30.000,-30.000,54.139,0.0,0.0,-30.000,-30.000
,0.548E+08,-30.000,-30.000,55.025,-30.000,-30.000,54.139,0.0,0.0,-30.000,-30.000
,0.549E+08,-30.000,-30.000,55.025,-30.000,-30.000,54.139,0.0,0.0,-30.000,-30.000
,0.550E+08,-30.000,-30.000,55.025,-30.000,-30.000,54.139,0.0,0.0,-30.000,-30.000
,0.551E+08,-30.000,-30.000,55.025,-30.000,-30.000,54.139,0.0,0.0,-30.000,-30.000
,0.552E+08,-30.000,-30.000,55.025,-30.000,-30.000,54.139,0.0,0.0,-30.000,-30.000
,0.553E+08,-30.000,-30.000,55.025,-30.000,-30.000,54.139,0.0,0.0,-30.000,-30.000
,0.554E+08,-30.000,-30.000,55.025,-30.000,-30.000,54.139,0.0,0.0,-30.000,-30.000
,0.555E+08,-30.000,-30.000,55.025,-30.000,-30.000,54.139,0.0,0.0,-30.000,-30.000
,0.556E+08,-30.000,-30.000,55.025,-30.000,-30.000,54.139,0.0,0.0,-30.000,-30.000
,0.557E+08,-30.000,-30.000,55.025,-30.000,-30.000,54.139,0.0,0.0,-30.000,-30.000
,0.558E+08,-30.000,-30.000,55.025,-30.000,-30.000,54.139,0.0,0.0,-30.000,-30.000
,0.559E+08,-30.000,-30.000,55.025,-30.000,-30.000,54.139,0.0,0.0,-30.000,-30.000
,0.560E+08,-30.000,-30.000,55.025,-30.000,-30.000,54.139,0.0,0.0,-30.000,-30.000
,0.561E+08,-30.000,-30.000,55.025,-30.000,-30.000,54.139,0.0,0.0,-30.000,-30.000
,0.562E+08,-30.000,-30.000,55.025,-30.000,-30.000,54.139,0.0,0.0,-30.000,-30.000
,0.563E+08,-30.000,-30.000,55.025,-30.000,-30.000,54.139,0.0,0.0,-30.000,-30.000
,0.564E+08,-30.000,-30.000,55.025,-30.000,-30.000,54.139,0.0,0.0,-30.000,-30.000
,0.565E+08,-30.000,-30.000,55.025,-30.000,-30.000,54.139,0.0,0.0,-30.000,-30.000
,0.566E+08,-30.000,-30.000,55.025,-30.000,-30.000,54.139,0.0,0.0,-30.000,-30.000
,0.567E+08,-30.000,-30.000,55.025,-30.000,-30.000,54.139,0.0,0.0,-30.000,-30.000
,0.568E+08,-30.000,-30.000,55.025,-30.000,-30.000,54.139,0.0,0.0,-30.000,-30.000
,0.569E+08,-30.000,-30.000,55.025,-30.000,-30.000,54.139,0.0,0.0,-30.000,-30.000
,0.570E+08,-30.000,-30.000,55.025,-30.000,-30.000,54.139,0.0,0.0,-30.000,-30.000
,0.571E+08,-30.000,-30.000,55.025,-30.000,-30.000,54.139,0.0,0.0,-30.000,-30.000
,0.572E+08,-30.000,-30.000,55.025,-30.000,-30.000,54.139,0.0,0.0,-30.000,-30.000
,0.573E+08,-30.000,-30.000,55.025,-30.000,-30.000,54.139,0.0,0.0,-30.000,-30.000
,0.574E+08,-30.000,-30.000,55.025,-30.000,-30.000,54.139,0.0,0.0,-30.000,-30.000
,0.575E+08,-30.000,-30.000,55.025,-30.000,-30.000,54.139,0.0,0.0,-30.000,-30.000
,0.576E+08,-30.000,-30.000,55.025,-30.000,-30.000,54.139,0.0,0.0,-30.000,-30.000
,0.577E+08,-30.000,-30.000,55.025,-30.000,-30.000,54.139,0.0,0.0,-30.000,-30.000
,0.578E+08,-30.000,-30.000,55.025,-30.000,-30.000,54.139,0.0,0.0,-30.000,-30.000
,0.579E+08,-30.000,-30.000,55.025,-30.000,-30.000,54.139,0.0,0.0,-30.000,-30.000
,0.580E+08,-30.000,-30.000,55.025,-30.000,-30.000,54.139,0.0,0.0,-30.000,-30.000
,0.581E+08,-30.000,-30.000,55.025,-30.000,-30.000,54.139,0.0,0.0,-30.000,-30.000
,0.582E+08,-30.000,-30.000,55.025,-30.000,-30.000,54.139,0.0,0.0,-30.000,-30.000
,0.583E+08,-30.000,-30.000,55.025,-30.000,-30.000,54.139,0.0,0.0,-30.000,-30.000
,0.584E+08,-30.000,-30.000,55.025,-30.000,-30.000,54.139,0.0,0.0,-30.000,-30.000
,0.585E+08,-30.000,-30.000,55.025,-30.000,-30.000,54.139,0.0,0.0,-30.000,-30.000
,0.586E+08,-30.000,-30.000,55.025,-30.000,-30.000,54.139,0.0,0.0,-30.000,-30.000
,0.587E+08,-30.000,-30.000,55.025,-30.000,-30.000,54.139,0.0,0.0,-30.000,-30.000
,0.588E+08,-30.000,-30.000,55.025,-30.000,-30.000,54.139,0.0,0.0,-30.000,-30.000
,0.589E+08,-30.000,-30.000,55.025,-30.000,-30.000,54.139,0.0,0.0,-30.000,-30.000
,0.590E+08,-30.000,-30.000,55.025,-30.000,-30.000,54.139,0.0,0.0,-30.000,-30.000
,0.591E+08,-30.000,-30.000,55.025,-30.000,-30.000,54.139,0.0,0.0,-30.000,-30.000
,0.592E+08,-30.000,-30.000,55.025,-30.000,-30.000,54.139,0.0,0.0,-30.000,-30.000
,0.593E+08,-30.000,-30.000,55.025,-30.000,-30.000,54.139,0.0,0.0,-30.000,-30.000
,0.594E+08,-30.000,-30.000,55.025,-30.000,-30.000,54.139,0.0,0.0,-30.000,-30.000
,0.595E+08,-30.000,-30.000,55.025,-30.000,-30.000,54.139,0.0,0.0,-30.000,-30.000
,0.596E+08,-30.000,-30.000,55.025,-30.000,-30.000,54.139,0.0,0.0,-30.000,-30.000
,0.597E+08,-30.000,-30.000,55.025,-30.000,-30.000,54.139,0.0,0.0,-30.000,-30.000
,0.598E+08,-30.000,-30.000,55.025,-30.000,-30.000,54.139,0.0,0.0,-30.000,-30.000
,0.599E+08,-30.000,-30.000,55.025,-30.000,-30.000,54.139,0.0,0.0,-30.000,-30.000
,0.600E+08,-30.000,-30.000,55.025,-30.000,-30.000,54.139,0.0,0.0,-30.000,-30.000
,0.601E+08,-30.000,-30.000,55.025,-30.000,-30.000,54.139,0.0,0.0,-30.000,-30.000
,0.602E+08,-30.000,-30.000,55.025,-30.000,-30.000,54.139,0.0,0.0,-30.000,-30.000
,0.603E+08,-30.000,-30.000,55.025,-30.000,-30.000,54.139,0.0,0.0,-30.000,-30.000
,0.604E+08,-30.000,-30.000,55.025,-30.000,-30.000,54.139,0.0,0.0,-30.000,-30.000
,0.605E+08,-30.000,-30.000,55.025,-30.000,-30.000,54.139,0.0,0.0,-30.000,-30.000
,0.606E+08,-30.000,-30.000,55.025,-30.000,-30.000,54.139,0.0,0.0,-30.000,-30.000
,0.607E+08,-30.000,-30.000,55.025,-30.000,-30.000,54.139,0.0,0.0,-30.000,-30.000
,0.608E+08,-30.000,-30.000,55.025,-30.000,-30.000,54.139,0.0,0.0,-30.000,-30.000
,0.609E+08,-30.000,-30.000,55.025,-30.000,-30.000,54.139,0.0,0.0,-30.000,-30.000
,0.610E+08,-30.000,-30.000,55.025,-30.000,-30.000,54.139,0.0,0.0,-30.000,-30.000
,0.611E+08,-30.000,-30.000,55.025,-30.000,-30.000,54.139,0.0,0.0,-30.000,-30.000
,0.612E+08,-30.000,-30.000,55.025,-30.000,-30.000,54.139,0.0,0.0,-30.000,-30.000
,0.613E+08,-30.000,-30.000,55.025,-30.000,-30.000,54.139,0.0,0.0,-30.000,-30.000
,0.614E+08,-30.000,-30.000,55.025,-30.000,-30.000,54.139,0.0,0.0,-30.000,-30.000
,0.615E+08,-30.000,-30.000,55.025,-30.000,-30.000,54.139,0.0,0.0,-30.000,-30.000
,0.616E+08,-30.000,-30.000,55.025,-30.000,-30.000,54.139,0.0,0.0,-30.000,-30.000
,0.617E+08,-30.000,-30.000,55.025,-30.000,-30.000,54.139,0.0,0.0,-30.000,-30.000
,0.618E+08,-30.000,-30.000,55.025,-30.000,-30.000,54.139,0.0,0.0,-30.000,-30.000
,0.619E+08,-30.000,-30.000,55.025,-30.000,-30.000,54.139,0.0,0.0,-30.000,-30.000
,0.620E+08,-30.000,-30.000,55.025,-30.000,-30.000,54.139,0.0,0.0,-30.000,-30.000
,0.621E+08,-30.000,-30.000,55.025,-30.000,-30.000,54.139,0.0,0.0,-30.000,-30.000
,0.622E+08,-30.000,-30.000,55.025,-30.000,-30.000,54.139,0.0,0.0,-30.000,-30.000
,0.623E+08,-30.000,-30.000,55.025,-30.000,-30.000,54.139,0.0,0.0,-30.000,-30.000
,0.624E+08,-30.000,-30.000,55.025,-30.000,-30.000,54.139,0.0,0.0,-30.000,-30.000
,0.625E+08,-30.000,-30.000,55.025,-30.000,-30.000,54.139,0.0,0.0,-30.000,-30.000
,0.626E+08,-30.000,-30.000,55.025,-30.000,-30.000,54.139,0.0,0.0,-30.000,-30.000
,0.627E+08,-30.000,-30.000,55.025,-30.000,-30.000,54.139,0.0,0.0,-30.000,-30.000
,0.628E+08,-30.000,-30.000,55.025,-30.000,-30.000,54.139,0.0,0.0,-30.000,-30.000
,0.629E+08,-30.000,-30.000,55.025,-30.000,-30.000,54.139,0.0,0.0,-30.000,-30.000
,0.630E+08,-30.000,-30.000,55.025,-30.000,-30.000,54.139,0.0,0.0,-30.000,-30.000
,0.631E+08,-30.000,-30.000,55.025,-30.000,-30.000,54.139,0.0,0.0,-30.000,-30.000
,0.632E+08,-30.000,-30.000,55.025,-30.000,-30.000,54.139,0.0,0.0,-30.000,-30.000
,0.633E+08,-30.000,-30.000,55.025,-30.000,-30.000,54.139,0.0,0.0,-30.000,-30.000
,0.634E+08,-30.000,-30.000,55.025,-30.000,-30.000,54.139,0.0,0.0,-30.000,-30.000
,0.635E+08,-30.000,-30.000,55.025,-30.000,-30.000,54.139,0.0,0.0,-30.000,-30.000
,0.636E+08,-30.000,-30.000,55.025,-30.000,-30.000,54.139,0.0,0.0,-30.000,-30.000
,0.637E+08,-30.000,-30.000,55.025,-30.000,-30.000,54.139,0.0,0.0,-30.000,-30.000
,0.638E+08,-30.000,-30.000,55.025,-30.000,-30.000,54.139,0.0,0.0,-30.000,-30.000
,0.639E+08,-30.000,-30.000,55.025,-30.000,-30.000,54.139,0.0,0.0,-30.000,-30.000
,0.640E+08,-30.000,-30.000,55.025,-30.000,-30.000,54.139,0.0,0.0,-30.000,-30.000
,0.641E+08,-30.000,-30.000,55.025,-30.000,-30.000,54.139,0.0,0.0,-30.000,-30.000
,0.642E+08,-30.000,-30.000,55.025,-30.000,-30.000,54.139,0.0,0.0,-30.000,-30.000
,0.643E+08,-30.000,-30.000,55.025,-30.000,-30.000,54.139,0.0,0.0,-30.000,-30.000
,0.644E+08,-30.000,-30.000,55.025,-30.000,-30.000,54.139,0.0,0.0,-30.000,-30.000
,0.645E+08,-30.000,-30.000,55.025,-30.000,-30.000,54.139,0.0,0.0,-30.000,-30.000
,0.646E+08,-30.000,-30.000,55.025,-30.000,-30.000,54.139,0.0,0.0,-30.000,-30.000
,0.647E+08,-30.000,-30.000,55.025,-30.000,-30.000,54.139,0.0,0.0,-30.000,-30.000
,0.648E+08,-30.000,-30.000,55.025,-30.000,-30.000,54.139,0.0,0.0,-30.000,-30.000
,0.649E+08,-30.000,-30.000,55.025,-30.000,-30.000,54.139,0.0,0.0,-30.000,-30.000
,0.650E+08,-30.000,-30.000,55.025,-30.000,-30.000,54.139,0.0,0.0,-30.000,-30.000
,0.651E+08,-30.000,-30.000,55.025,-30.000,-30.000,54.139,0.0,0.0,-30.000,-30.000
,0.652E+08,-30.000,-30.000,55.025,-30.000,-30.000,54.139,0.0,0.0,-30.000,-30.000
,0.653E+08,-30.000,-30.000,55.025,-30.000,-30.000,54.139,0.0,0.0,-30.000,-30.000
,0.654E+08,-30.000,-30.000,55.025,-30.000,-30.000,54.139,0.0,0.0,-30.000,-30.000
,0.655E+08,-30.000,-30.000,55.025,-30.000,-30.000,54.139,0.0,0.0,-30.000,-30.000
,0.656E+08,-30.000,-30.000,55.025,-30.000,-30.000,54.139,0.0,0.0,-30.000,-30.000
,0.657E+08,-30.000,-30.000,55.025,-30.000,-30.000,54.139,0.0,0.0,-30.000,-30.000
,0.658E+08,-30.000,-30.000,55.025,-30.000,-30.000,54.139,0.0,0.0,-30.000,-30.000
,0.659E+08,-30.000,-30.000,55.025,-30.000,-30.000,54.139,0.0,0.0,-30.000,-30.000
,0.660E+08,-30.000,-30.000,55.025,-30.000,-30.000,54.139,0.0,0.0,-30.000,-30.000
,0.661E+08,-30.000,-30.000,55.025,-30.000,-30.000,54.139,0.0,0.0,-30.000,-30.000
,0.662E+08,-30.000,-30.000,55.025,-30.000,-30.000,54.139,0.0,0.0,-30.000,-30.000
,0.663E+08,-30.000,-30.000,55.025,-30.000,-30.000,54.139,0.0,0.0,-30.000,-30.000
,0.664E+08,-30.000,-30.000,55.025,-30.000,-30.000,54.139,0.0,0.0,-30.000,-30.000
,0.665E+08,-30.000,-30.000,55.025,-30.000,-30.000,54.139,0.0,0.0,-30.000,-30.000
,0.666E+08,-30.000,-30.000,55.025,-30.000,-30.000,54.139,0.0,0.0,-30.000,-30.000
,0.667E+08,-30.000,-30.000,55.025,-30.000,-30.000,54.139,0.0,0.0,-30.000,-30.000
,0.668E+08,-30.000,-30.000,55.025,-30.000,-30.000,54.139,0.0,0.0,-30.000,-30.000
,0.669E+08,-30.000,-30.000,55.025,-30.000,-30.000,54.139,0.0,0.0,-30.000,-30.000
,0.670E+08,-30.000,-30.000,55.025,-30.000,-30.000,54.139,0.0,0.0,-30.000,-30.000
,0.671E+08,-30.000,-30.000,55.025,-30.000,-30.000,54.139,0.0,0.0,-30.000,-30.000
,0.672E+08,-30.000,-30.000,55.025,-30.000,-30.000,54.139,0.0,0.0,-30.000,-30.000
,0.673E+08,-30.000,-30.000,55.025,-30.000,-30.000,54.139,0.0,0.0,-30.000,-30.000
,0.674E+08,-30.000,-30.000,55.025,-30.000,-30.000,54.139,0.0,0.0,-30.000,-30.000
,0.675E+08,-30.000,-30.000,55.025,-30.000,-30.000,54.139,0.0,0.0,-30.000,-30.000
,0.676E+08,-30.000,-30.000,55.025,-30.000,-30.000,54.139,0.0,0.0,-30.000,-30.000
,0.677E+08,-30.000,-30.000,55.025,-30.000,-30.000,54.139,0.0,0.0,-30.000,-30.000
,0.678E+08,-30.000,-30.000,55.025,-30.000,-30.000,54.139,0.0,0.0,-30.000,-30.000
,0.679E+08,-30.000,-30.000,55.025,-30.000,-30.000,54.139,0.0,0.0,-30.000,-30.000
,0.680E+08,-30.000,-30.000,55.025,-30.000,-30.000,54.139,0.0,0.0,-30.000,-30.000
,0.681E+08,-30.000,-30.000,55.025,-30.000,-30.000,54.139,0.0,0.0,-30.000,-30.000
,0.682E+08,-30.000,-30.000,55.025,-30.000,-30.000,54.139,0.0,0.0,-30.000,-30.000
,0.683E+08,-30.000,-30.000,55.025,-30.000,-30.000,54.139,0.0,0.0,-30.000,-30.000
,0.684E+08,-30.000,-30.000,55.025,-30.000,-30.000,54.139,0.0,0.0,-30.000,-30.000
,0.685E+08,-30.000,-30.000,55.025,-30.000,-30.000,54.139,0.0,0.0,-30.000,-30.000
,0.686E+08,-30.000,-30.000,55.025,-30.000,-30.000,54.139,0.0,0.0,-30.000,-30.000
,0.687E+08,-30.000,-30.000,55.025,-30.000,-30.000,54.139,0.0,0.0,-30.000,-30.000
,0.688E+08,-30.000,-30.000,55.025,-30.000,-30.000,54.139,0.0,0.0,-30.000,-30.000
,0.689E+08,-30.000,-30.000,55.025,-30.000,-30.000,54.139,0.0,0.0,-30.000,-30.000
,0.690E+08,-30.000,-30.000,55.025,-30.000,-30.000,54.139,0.0,0.0,-30.000,-30.000
,0.691E+08,-30.000,-30.000,55.025,-30.000,-30.000,54.139,0.0,0.0,-30.000,-30.000
,0.692E+08,-30.000,-30.000,55.025,-30.000,-30.000,54.139,0.0,0.0,-30.000,-30.000
,0.693E+08,-30.000,-30.000,55.025,-30.000,-30.000,54.139,0.0,0.0,-30.000,-30.000
,0.694E+08,-30.000,-30.000,55.025,-30.000,-30.000,54.139,0.0,0.0,-30.000,-30.000
,0.695E+08,-30.000,-30.000,55.025,-30.000,-30.000,54.139,0.0,0.0,-30.000,-30.000
,0.696E+08,-30.000,-30.000,55.025,-30.000,-30.000,54.139,0.0,0.0,-30.000,-30.000
,0.697E+08,-30.000,-30.000,55.025,-30.000,-30.000,54.139,0.0,0.0,-30.000,-30.000
,0.698E+08,-30.000,-30.000,55.025,-30.000,-30.000,54.139,0.0,0.0,-30.000,-30.000
,0.699E+08,-30.000,-30.000,55.025,-30.000,-30.000,54.139,0.0,0.0,-30.000,-30.000
,0.700E+08,-30.000,-30.000,55.025,-30.000,-30.000,54.139,0.0,0.0,-30.000,-30.000
,0.701E+08,-30.000,-30.000,55.025,-30.000,-30.000,54.139,0.0,0.0,-30.000,-30.000
,0.702E+08,-30.000,-30.000,55.025,-30.000,-30.000,54.139,0.0,0.0,-30.000,-30.000
,0.703E+08,-30.000,-30.000,55.025,-30.000,-30.000,54.139,0.0,0.0,-30.000,-30.000
,0.704E+08,-30.000,-30.000,55.025,-30.000,-30.000,54.139,0.0,0.0,-30.000,-30.000
,0.705E+08,-30.000,-30.000,55.025,-30.000,-30.000,54.139,0.0,0.0,-30.000,-30.000
,0.706E+08,-30.000,-30.000,55.025,-30.000,-30.000,54.139,0.0,0.0,-30.000,-30.000
,0.707E+08,-30.000,-30.000,55.025,-30.000,-30.000,54.139,0.0,0.0,-30.000,-30.000
,0.708E+08,-30.000,-30.000,55.025,-30.000,-30.000,54.139,0.0,0.0,-30.000,-30.000
,0.709E+08,-30.000,-30.000,55.025,-30.000,-30.000,54.139,0.0,0.0,-30.000,-30.000
,0.710E+08,-30.000,-30.000,55.025,-30.000,-30.000,54.139,0.0,0.0,-30.000,-30.000
,0.711E+08,-30.000,-30.000,55.025,-30.000,-30.000,54.139,0.0,0.0,-30.000,-30.000
,0.712E+08,-30.000,-30.000,55.025,-30.000,-30.000,54.139,0.0,0.0,-30.000,-30.000
,0.713E+08,-30.000,-30.000,55.025,-30.000,-30.000,54.139,0.0,0.0,-30.000,-30.000
,0.714E+08,-30.000,-30.000,55.025,-30.000,-30.000,54.139,0.0,0.0,-30.000,-30.000
,0.715E+08,-30.000,-30.000,55.025,-30.000,-30.000,54.139,0.0,0.0,-30.000,-30.000
,0.716E+08,-30.000,-30.000,55.025,-30.000,-30.000,54.139,0.0,0.0,-30.000,-30.000
,0.717E+08,-30.000,-30.000,55.025,-30.000,-30.000,54.139,0.0,0.0,-30.000,-30.000
,0.718E+08,-30.000,-30.000,55.025,-30.000,-30.000,54.139,0.0,0.0,-30.000,-30.000
,0.719E+08,-30.000,-30.000,55.025,-30.000,-30.000,54.139,0.0,0.0,-30.000,-30.000
,0.720E+08,-30.000,-30.000,55.025,-30.000,-30.000,54.139,0.0,0.0,-30.000,-30.000
,0.721E+08,-30.000,-30.000,55.025,-30.000,-30.000,54.139,0.0,0.0,-30.000,-30.000
,0.722E+08,-30.000,-30.000,55.025,-30.000,-30.000,54.139,0.0,0.0,-30.000,-30.000
,0.723E+08,-30.000,-30.000,55.025,-30.000,-30.000,54.139,0.0,0.0,-30.000,-30.000
,0.724E+08,-30.000,-30.000,55.025,-30.000,-30.000,54.139,0.0,0.0,-30.000,-30.000
,0.725E+08,-30.000,-30.000,55.025,-30.000,-30.000,54.139,0.0,0.0,-30.000,-30.000
,0.726E+08,-30.000,-30.000,55.025,-30.000,-30.000,54.139,0.0,0.0,-30.000,-30.000
,0.727E+08,-30.000,-30.000,55.025,-30.000,-30.000,54.139,0.0,0.0,-30.000,-30.000
,0.728E+08,-30.000,-30.000,55.025,-30.000,-30.000,54.139,0.0,0.0,-30.000,-30.000
,0.729E+08,-30.000,-30.000,55.025,-30.000,-30.000,54.139,0.0,0.0,-30.000,-30.000
,0.730E+08,-30.000,-30.000,55.025,-30.000,-30.000,54.139,0.0,0.0,-30.000,-30.000
,0.731E+08,-30.000,-30.000,55.025,-30.000,-30.000,54.139,0.0,0.0,-30.000,-30.000
,0.732E+08,-30.000,-30.000,55.025,-30.000,-30.000,54.139,0.0,0.0,-30.000,-30.000
,0.733E+08,-30.000,-30.000,55.025,-30.000,-30.000,54.139,0.0,0.0,-30.000,-30.000
,0.734E+08,-30.000,-30.000,55.025,-30.000,-30.000,54.139,0.0,0.0,-30.000,-30.000
,0.735E+08,-30.000,-30.000,55.025,-30.000,-30.000,54.139,0.0,0.0,-30.000,-30.000
,0.736E+08,-30.000,-30.000,55.025,-30.000,-30.000,54.139,0.0,0.0,-30.000,-30.000
,0.737E+08,-30.000,-30.000,55.025,-30.000,-30.000,54.139,0.0,0.0,-30.000,-30.000
,0.738E+08,-30.000,-30.000,55.025,-30.000,-30.000,54.139,0.0,0.0,-30.000,-30.000
,0.739E+08,-30.000,-30.000,55.025,-30.000,-30.000,54.139,0.0,0.0,-30.000,-30.000
,0.740E+08,-30.000,-30.000,55.025,-30.000,-30.000,54.139,0.0,0.0,-30.000,-30.000
,0.741E+08,-30.000,-30.000,55.025,-30.000,-30.000,54.139,0.0,0.0,-30.000,-30.000
,0.742E+08,-30.000,-30.000,55.025,-30.000,-30.000,54.139,0.0,0.0,-30.000,-30.000
,0.743E+08,-30.000,-30.000,55.025,-30.000,-30.000,54.139,0.0,0.0,-30.000,-30.000
,0.744E+08,-30.000,-30.000,55.025,-30.000,-30.000,54.139,0.0,0.0,-30.000,-30.000
,0.745E+08,-30.000,-30.000,55.025,-30.000,-30.000,54.139,0.0,0.0,-30.000,-30.000
,0.746E+08,-30.000,-30.000,55.025,-30.000,-30.000,54.139,0.0,0.0,-30.000,-30.000
,0.747E+08,-30.000,-30.000,55.025,-30.000,-30.000,54.139,0.0,0.0,-30.000,-30.000
,0.748E+08,-30.000,-30.000,55.025,-30.000,-30.000,54.139,0.0,0.0,-30.000,-30.000
,0.749E+08,-30.000,-30.000,55.025,-30.000,-30.000,54.139,0.0,0.0,-30.000,-30.000
,0.750E+08,-30.000,-30.000,55.025,-30.000,-30.000,54.139,0.0,0.0,-30.000,-30.000
,0.751E+08,-30.000,-30.000,55.025,-30.000,-30.000,54.139,0.0,0.0,-30.000,-30.000
,0.752E+08,-30.000,-30.000,55.025,-30.000,-30.000,54.139,0.0,0.0,-30.000,-30.000
,0.753E+08,-30.000,-30.000,55.025,-30.000,-30.000,54.139,0.0,0.0,-30.000,-30.000
,0.754E+08,-30.000,-30.000,55.025,-30.000,-30.000,54.139,0.0,0.0,-30.000,-30.000
,0.755E+08,-30.000,-30.000,55.025,-30.000,-30.000,54.139,0.0,0.0,-30.000,-30.000
,0.756E+08,-30.000,-30.000,55.025,-30.000,-30.000,54.139,0.0,0.0,-30.000,-30.000
,0.757E+08,-30.000,-30.000,55.025,-30.000,-30.000,54.139,0.0,0.0,-30.000,-30.000
,0.758E+08,-30.000,-30.000,55.025,-30.000,-30.000,54.139,0.0,0.0,-30.000,-30.000
,0.759E+08,-30.000,-30.000,55.025,-30.000,-30.000,54.139,0.0,0.0,-30.000,-30.000
,0.760E+08,-30.000,-30.000,55.025,-30.000,-30.000,54.139,0.0,0.0,-30.000,-30.000
,0.761E+08,-30.000,-30.000,55.025,-30.000,-30.000,54.139,0.0,0.0,-30.000,-30.000
,0.762E+08,-30.000,-30.000,55.025,-30.000,-30.000,54.139,0.0,0.0,-30.000,-30.000
,0.763E+08,-30.000,-30.000,55.025,-30.000,-30.000,54.139,0.0,0.0,-30.000,-30.000
,0.764E+08,-30.000,-30.000,55.025,-30.000,-30.000,54.139,0.0,0.0,-30.000,-30.000
,0.765E+08,-30.000,-30.000,55.025,-30.000,-30.000,54.139,0.0,0.0,-30.000,-30.000
,0.766E+08,-30.000,-30.000,55.025,-30.000,-30.000,54.139,0.0,0.0,-30.000,-30.000
,0.767E+08,-30.000,-30.000,55.025,-30.000,-30.000,54.139,0.0,0.0,-30.000,-30.000
,0.768E+08,-30.000,-30.000,55.025,-30.000,-30.000,54.139,0.0,0.0,-30.000,-30.000
,0.769E+08,-30.000,-30.000,55.025,-30.000,-30.000,54.139,0.0,0.0,-30.000,-30.000
,0.770E+08,-30.000,-30.000,55.025,-30.000,-30.000,54.139,0.0,0.0,-30.000,-30.000
,0.771E+08,-30.000,-30.000,55.025,-30.000,-30.000,54.139,0.0,0.0,-30.000,-30.000
,0.772E+08,-30.000,-30.000,55.025,-30.000,-30.000,54.139,0.0,0.0,-30.000,-30.000
,0.773E+08,-30.000,-30.000,55.025,-30.000,-30.000,54.139,0.0,0.0,-30.000,-30.000
,0.774E+08,-30.000,-30.000,55.025,-30.000,-30.000,54.139,0.0,0.0,-30.000,-30.000
,0.775E+08,-30.000,-30.000,55.025,-30.000,-30.000,54.139,0.0,0.0,-30.000,-30.000
,0.776E+08,-30.000,-30.000,55.025,-30.000,-30.000,54.139,0.0,0.0,-30.000,-30.000
,0.777E+08,-30.000,-30.000,55.025,-30.000,-30.000,54.139,0.0,0.0,-30.000,-30.000
,0.778E+08,-30.000,-30.000,55.025,-30.000,-30.000,54.139,0.0,0.0,-30.000,-30.000
,0.779E+08,-30.000,-30.000,55.025,-30.000,-30.000,54.139,0.0,0.0,-30.000,-30.000
,0.780E+08,-30.000,-30.000,55.025,-30.000,-30.000,54.139,0.0,0.0,-30.000,-30.000
,0.781E+08,-30.000,-30.000,55.025,-30.000,-30.000,54.139,0.0,0.0,-30.000,-30.000
,0.782E+08,-30.000,-30.000,55.025,-30.000,-30.000,54.139,0.0,0.0,-30.000,-30.000
,0.783E+08,-30.000,-30.000,55.025,-30.000,-30.000,54.139,0.0,0.0,-30.000,-30.000
,0.784E+08,-30.000,-30.000,55.025,-30.000,-30.000,54.139,0.0,0.0,-30.000,-30.000
,0.785E+08,-30.000,-30.000,55.025,-30.000,-30.000,54.139,0.0,0.0,-30.000,-30.000
,0.786E+08,-30.000,-30.000,55.025,-30.000,-30.000,54.139,0.0,0.0,-30.000,-30.000
,0.787E+08,-30.000,-30.000,55.025,-30.000,-30.000,54.139,0.0,0.0,-30.000,-30.000
,0.788E+08,-30.000,-30.000,55.025,-30.000,-30.000,54.139,0.0,0.0,-30.000,-30.000
,0.789E+08,-30.000,-30.000,55.025,-30.000,-30.000,54.139,0.0,0.0,-30.000,-30.000
,0.790E+08,-30.000,-30.000,55.025,-30.000,-30.000,54.139,0.0,0.0,-30.000,-30.000
,0.791E+08,-30.000,-30.000,55.025,-30.000,-30.000,54.139,0.0,0.0,-30.000,-30.000
,0.792E+08,-30.000,-30.000,55.025,-30.000,-30.000,54.139,0.0,0.0,-30.000,-30.000
,0.793E+08,-30.000,-30.000,55.025,-30.000,-30.000,54.139,0.0,0.0,-30.000,-30.000
,0.794E+08,-30.000,-30.000,55.025,-30.000,-30.000,54.139,0.0,0.0,-30.000,-30.000
,0.795E+08,-30.000,-30.000,55.025,-30.000,-30.000,54.139,0.0,0.0,-30.000,-30.000
,0.796E+08,-30.000,-30.000,55.025,-30.000,-30.000,54.139,0.0,0.0,-30.000,-30.000
,0.797E+08,-30.000,-30.000,55.025,-30.000,-30.000,54.139,0.0,0.0,-30.000,-30.000
,0.798E+08,-30.000,-30.000,55.025,-30.000,-30.000,54.139,0.0,0.0,-30.000,-30.000
,0.799E+08,-30.000,-30.000,55.025,-30.000,-30.000,54.139,0.0,0.0,-30.000,-30.000
,0.800E+08,-30.000,-30.000,55.025,-30.000,-30.000,54.139,0.0,0.0,-30.000,-30.000
,0.801E+08,-30.000,-30.000,55.025,-30.000,-30.000,54.139,0.0,0.0,-30.000,-30.000
,0.802E+08,-30.000,-30.000,55.025,-30.000,-30.000,54.139,0.0,0.0,-30.000,-30.000
,0.803E+08,-30.000,-30.000,55.025,-30.000,-30.000,54.139,0.0,0.0,-30.000,-30.000
,0.804E+08,-30.000,-30.000,55.025,-30.000,-30.000,54.139,0.0,0.0,-30.000,-30.000
,0.805E+08,-30.000,-30.000,55.025,-30.000,-30.000,54.139,0.0,0.0,-30.000,-30.000
,0.806E+08,-30.000,-30.000,55.025,-30.000,-30.000,54.139,0.0,0.0,-30.000,-30.000
,0.807E+08,-30.000,-30.000,55.025,-30.000,-30.000,54.139,0.0,0.0,-30.000,-30.000
,0.808E+08,-30.000,-30.000,55.025,-30.000,-30.000,54.139,0.0,0.0,-30.000,-30.000
,0.809E+08,-30.000,-30.000,55.025,-30.000,-30.000,54.139,0.0,0.0,-30.000,-30.000
,0.810E+08,-30.000,-30.000,55.025,-30.000,-30.000,54.139,0.0,0.0,-30.000,-30.000
,0.811E+08,-30.000,-30.000,55.025,-30.000,-30.000,54.139,0.0,0.0,-30.000,-30.000
,0.812E+08,-30.000,-30.000,55.025,-30.000,-30.000,54.139,0.0,0.0,-30.000,-30.000
,0.813E+08,-30.000,-30.000,55.025,-30.000,-30.000,54.139,0.0,0.0,-30.000,-30.000
,0.814E+08,-30.000,-30.000,55.025,-30.000,-30.000,54.139,0.0,0.0,-30.000,-30.000
,0.815E+08,-30.000,-30.000,55.025,-30.000,-30.000,54.139,0.0,0.0,-30.000,-30.000
,0.816E+08,-30.000,-30.000,55.025,-30.000,-30.000,54.139,0.0,0.0,-30.000,-30.000
,0.817E+08,-30.000,-30.000,55.025,-30.000,-30.000,54.139,0.0,0.0,-30.000,-30.000
,0.818E+08,-30.000,-30.000,55.025,-30.000,-30.000,54.139,0.0,0.0,-30.000,-30.000
,0.819E+08,-30.000,-30.000,55.025,-30.000,-30.000,54.139,0.0,0.0,-30.000,-30.000
,0.820E+08,-30.000,-30.000,55.025,-30.000,-30.000,54.139,0.0,0.0,-30.000,-30.000
,0.821E+08,-30.000,-30.000,55.025,-30.000,-30.000,54.139,0.0,0.0,-30.000,-30.000
,0.822E+08,-30.000,-30.000,55.025,-30.000,-30.000,54.139,0.0,0.0,-30.000,-30.000
,0.823E+08,-30.000,-30.000,55.025,-30.000,-30.000,54.139,0.0,0.0,-30.000,-30.000
,0.824E+08,-30.000,-30.000,55.025,-30.000,-30.000,54.139,0.0,0.0,-30.000,-30.000
,0.825E+08,-30.000,-30.000,55.025,-30.000,-30.000,54.139,0.0,0.0,-30.000,-30.000
,0.826E+08,-30.000,-30.000,55.025,-30.000,-30.000,54.139,0.0,0.0,-30.000,-30.000
,0.827E+08,-30.000,-30.000,55.025,-30.000,-30.000,54.139,0.0,0.0,-30.000,-30.000
,0.828E+08,-30.000,-30.000,55.025,-30.000,-30.000,54.139,0.0,0.0,-30.000,-30.000
,0.829E+08,-30.000,-30.000,55.025,-30.000,-30.000,54.139,0.0,0.0,-30.000,-30.000
,0.830E+08,-30.000,-30.000,55.025,-30.000,-30.000,54.139,0.0,0.0,-30.000,-30.000
,0.831E+08,-30.000,-30.000,55.025,-30.000,-30.000,54.139,0.0,0.0,-30.000,-30.000
,0.832E+08,-30.000,-30.000,55.025,-30.000,-30.000,54.139,0.0,0.0,-30.000,-30.000
,0.833E+08,-30.000,-30.000,55.025,-30.000,-30.000,54.139,0.0,0.0,-30.000,-30.000
,0.834E+08,-30.000,-30.000,55.025,-30.000,-30.000,54.139,0.0,0.0,-30.000,-30.000
,0.835E+08,-30.000,-30.000,55.025,-30.000,-30.000,54.139,0.0,0.0,-30.000,-30.000
,0.836E+08,-30.000,-30.000,55.025,-30.000,-30.000,54.139,0.0,0.0,-30.000,-30.000
,0.837E+08,-30.000,-30.000,55.025,-30.000,-30.000,54.139,0.0,0.0,-30.000,-30.000
,0.838E+08,-30.000,-30.000,55.025,-30.000,-30.000,54.139,0.0,0.0,-30.000,-30.000
,0.839E+08,-30.000,-30.000,55.025,-30.000,-30.000,54.139,0.0,0.0,-30.000,-30.000
,0.840E+08,-30.000,-30.000,55.025,-30.000,-30.000,54.139,0.0,0.0,-30.000,-30.000
,0.841E+08,-30.000,-30.000,55.025,-30.000,-30.000,54.139,0.0,0.0,-30.000,-30.000
,0.842E+08,-30.000,-30.000,55.025,-30.000,-30.000,54.139,0.0,0.0,-30.000,-30.000
,0.843E+08,-30.000,-30.000,55.025,-30.000,-30.000,54.139,0.0,0.0,-30.000,-30.000
,0.844E+08,-30.000,-30.000,55.025,-30.000,-30.000,54.139,0.0,0.0,-30.000,-30.000
,0.845E+08,-30.000,-30.000,55.025,-30.000,-30.000,54.139,0.0,0.0,-30.000,-30.000
,0.846E+08,-30.000,-30.000,55.025,-30.000,-30.000,54.139,0.0,0.0,-30.000,-30.000
,0.847E+08,-30.000,-30.000,55.025,-30.000,-30.000,54.139,0.0,0.0,-30.000,-30.000
,0.848E+08,-30.000,-30.000,55.025,-30.000,-30.000,54.139,0.0,0.0,-30.000,-30.000
,0.849E+08,-30.000,-30.000,55.025,-30.000,-30.000,54.139,0.0,0.0,-30.000,-30.000
,0.850E+08,-30.000,-30.000,55.025,-30.000,-30.000,54.139,0.0,0.0,-30.000,-30.000
,0.851E+08,-30.000,-30.000,55.025,-30.000,-30.000,54.139,0.0,0.0,-30.000,-30.000
,0.852E+08,-30.000,-30.000,55.025,-30.000,-30.000,54.139,0.0,0.0,-30.000,-30.000
,0.853E+08,-30.000,-30.000,55.025,-30.000,-30.000,54.139,0.0,0.0,-30.000,-30.000
,0.854E+08,-30.000,-30.000,55.025,-30.000,-30.000,54.139,0.0,0.0,-30.000,-30.000
,0.855E+08,-30.000,-30.000,55.025,-30.000,-30.000,54.139,0.0,0.0,-30.000,-30.000
,0.856E+08,-30.000,-30.000,55.025,-30.000,-30.000,54.139,0.0,0.0,-30.000,-30.000
,0.857E+08,-30.000,-30.000,55.025,-30.000,-30.000,54.139,0.0,0.0,-30.000,-30.000
,0.858E+08,-30.000,-30.000,55.025,-30.000,-30.000,54.139,0.0,0.0,-30.000,-30.000
,0.859E+08,-30.000,-30.000,55.025,-30.000,-30.000,54.139,0.0,0.0,-30.000,-30.000
,0.860E+08,-30.000,-30.000,55.025,-30.000,-30.000,54.139,0.0,0.0,-30.000,-30.000
,0.861E+08,-30.000,-30.000,55.025,-30.000,-30.000,54.139,0.0,0.0,-30.000,-30.000
,0.862E+08,-30.000,-30.000,55.025,-30.000,-30.000,54.139,0.0,0.0,-30.000,-30.000
,0.863E+08,-30.000,-30.000,55.025,-30.000,-30.000,54.139,0.0,0.0,-30.000,-30.000
,0.864E+08,-30.000,-30.000,55.025,-30.000,-30.000,54.139,0.0,0.0,-30.000,-30.000
,0.865E+08,-30.000,-30.000,55.025,-30.000,-30.000,54.139,0.0,0.0,-30.000,-30.000
,0.866E+08,-30.000,-30.000,55.025,-30.000,-30.000,54.139,0.0,0.0,-30.000,-30.000
,0.867E+08,-30.000,-30.000,55.025,-30.000,-30.000,54.139,0.0,0.0,-30.000,-30.000
,0.868E+08,-30.000,-30.000,55.025,-30.000,-30.000,54.139,0.0,0.0,-30.000,-30.000
,0.869E+08,-30.000,-30.000,55.025,-30.000,-30.000,54.139,0.0,0.0,-30.000,-30.000
,0.870E+08,-30.000,-30.000,55.025,-30.000,-30.000,54.139,0.0,0.0,-30.000,-30.000
,0.871E+08,-30.000,-30.000,55.025,-30.000,-30.000,54.139,0.0,0.0,-30.000,-30.000
,0.872E+08,-30.000,-30.000,55.025,-30.000,-30.000,54.139,0.0,0.0,-30.000,-30.000
,0.873E+08,-30.000,-30.000,55.025,-30.000,-30.000,54.139,0.0,0.0,-30.000,-30.000
,0.874E+08,-30.000,-30.000,55.025,-30.000,-30.000,54.139,0.0,0.0,-30.000,-30.000
,0.875E+08,-30.000,-30.000,55.025,-30.000,-30.000,54.139,0.0,0.0,-30.000,-30.000
,0.876E+08,-30.000,-30.000,55.025,-30.000,-30.000,54.139,0.0,0.0,-30.000,-30.000
,0.877E+08,-30.000,-30.000,55.025,-30.000,-30.000,54.139,0.0,0.0,-30.000,-30.000
,0.878E+08,-30.000,-30.000,55.025,-30.000,-30.000,54.139,0.0,0.0,-30.000,-30.000
,0.879E+08,-30.000,-30.000,55.025,-30.000,-30.000,54.139,0.0,0.0,-30.000,-30.000
,0.880E+08,-30.000,-30.000,55.025,-30.000,-30.000,54.139,0.0,0.0,-30.000,-30.000
,0.881E+08,-30.000,-30.000,55.025,-30.000,-30.000,54.139,0.0,0.0,-30.000,-30.000
,0.882E+08,-30.000,-30.000,55.025,-30.000,-30.000,54.139,0.0,0.0,-30.000,-30.000
,0.883E+08,-30.000,-30.000,55.025,-30.000,-30.000,54.139,0.0,0.0,-30.000,-30.000
,0.884E+08,-30.000,-30.000,55.025,-30.000,-30.000,54.139,0.0,0.0,-30.000,-30.000
,0.885E+08,-30.000,-30.000,55.025,-30.000,-30.000,54.139,0.0,0.0,-30.000,-30.000
,0.886E+08,-30.000,-30.000,55.025,-30.000,-30.000,54.139,0.0,0.0,-30.000,-30.000
,0.887E+08,-30.000,-30.000,55.025,-30.000,-30.000,54.139,0.0,0.0,-30.000,-30.000
,0.888E+08,-30.000,-30.000,55.025,-30.000,-30.000,54.139,0.0,0.0,-30.000,-30.000
,0.889E+08,-30.000,-30.000,55.025,-30.000,-30.000,54.139,0.0,0.0,-30.000,-30.000
,0.890E+08,-30.000,-30.000,55.025,-30.000,-30.000,54.139,0.0,0.0,-30.000,-30.000
,0.891E+08,-30.000,-30.000,55.025,-30.000,-30.000,54.139,0.0,0.0,-30.000,-30.000
,0.892E+08,-30.000,-30.000,55.025,-30.000,-30.000,54.139,0.0,0.0,-30.000,-30.000
,0.893E+08,-30.000,-30.000,55.025,-30.000,-30.000,54.139,0.0,0.0,-30.000,-30.000
,0.894E+08,-30.000,-30.000,55.025,-30.000,-30.000,54.139,0.0,0.0,-30.000,-30.000
,0.895E+08,-30.000,-30.000,55.025,-30.000,-30.000,54.139,0.0,0.0,-30.000,-30.000
,0.896E+08,-30.000,-30.000,55.025,-30.000,-30.000,54.139,0.0,0.0,-30.000,-30.000
,0.897E+08,-30.000,-30.000,55.025,-30.000,-30.000,54.139,0.0,0.0,-30.000,-30.000
,0.898E+08,-30.000,-30.000,55.025,-30.000,-30.000,54.139,0.0,0.0,-30.000,-30.000
,0.899E+08,-30.000,-30.000,55.025,-30.000,-30.000,54.139,0.0,0.0,-30.000,-30.000
,0.900E+08,-30.000,-30.000,55.025,-30.000,-30.000,54.139,0.0,0.0,-30.000,-30.000
,0.901E+08,-30.000,-30.000,55.025,-30.000,-30.000,54.139,0.0,0.0,-30.000,-30.000
,0.902E+08,-30.000,-30.000,55.025,-30.000,-30.000,54.139,0.0,0.0,-30.000,-30.000
,0.903E+08,-30.000,-30.000,55.025,-30.000,-30.000,54.139,0.0,0.0,-30.000,-30.000
,0.904E+08,-30.000,-30.000,55.025,-30.000,-30.000,54.139,0.0,0.0,-30.000,-30.000
,0.905E+08,-30.000,-30.000,55.025,-30.000,-30.000,54.139,0.0,0.0,-30.000,-30.000
,0.906E+08,-30.000,-30.000,55.025,-30.000,-30.000,54.139,0.0,0.0,-30.000,-30.000
,0.907E+08,-30.000,-30.000,55.025,-30.000,-30.000,54.139,0.0,0.0,-30.000,-30.000
,0.908E+08,-30.000,-30.000,55.025,-30.000,-30.000,54.139,0.0,0.0,-30.000,-30.000
,0.909E+08,-30.000,-30.000,55.025,-30.000,-30.000,54.139,0.0,0.0,-30.000,-30.000
,0.910E+08,-30.000,-30.000,55.025,-30.000,-30.000,54.139,0.0,0.0,-30.000,-30.000
,0.911E+08,-30.000,-30.000,55.025,-30.000,-30.000,54.139,0.0,0.0,-30.000,-30.000
,0.912E+08,-30.000,-30.000,55.025,-30.000,-30.000,54.139,0.0,0.0,-30.000,-30.000
,0.913E+08,-30.000,-30.000,55.025,-30.000,-30.000,54.139,0.0,0.0,-30.000,-30.000
,0.914E+08,-30.000,-30.000,55.025,-30.000,-30.000,54.139,0.0,0.0,-30.000,-30.000
,0.915E+08,-30.000,-30.000,55.025,-30.000,-30.000,54.139,0.0,0.0,-30.000,-30.000
,0.916E+08,-30.000,-30.000,55.025,-30.000,-30.000,54.139,0.0,0.0,-30.000,-30.000
,0.917E+08,-30.000,-30.000,55.025,-30.000,-30.000,54.139,0.0,0.0,-30.000,-30.000
,0.918E+08,-30.000,-30.000,55.025,-30.000,-30.000,54.139,0.0,0.0,-30.000,-30.000
,0.919E+08,-30.000,-30.000,55.025,-30.000,-30.000,54.139,0.0,0.0,-30.000,-30.000
,0.920E+08,-30.000,-30.000,55.025,-30.000,-30.000,54.139,0.0,0.0,-30.000,-30.000
,0.921E+08,-30.000,-30.000,55.025,-30.000,-30.000,54.139,0.0,0.0,-30.000,-30.000
,0.922E+08,-30.000,-30.000,55.025,-30.000,-30.000,54.139,0.0,0.0,-30.000,-30.000
,0.923E+08,-30.000,-30.000,55.025,-30.000,-30.000,54.139,0.0,0.0,-30.000,-30.000
,0.924E+08,-30.000,-30.000,55.025,-30.000,-30.000,54.139,0.0,0.0,-30.000,-30.000
,0.925E+08,-30.000,-30.000,55.025,-30.000,-30.000,54.139,0.0,0.0,-30.000,-30.000
,0.926E+08,-30.000,-30.000,55.025,-30.000,-30.000,54.139,0.0,0.0,-30.000,-30.000
,0.927E+08,-30.000,-30.000,55.025,-30.000,-30.000,54.139,0.0,0.0,-30.000,-30.000
,0.928E+08,-30.000,-30.000,55.025,-30.000,-30.000,54.139,0.0,0.0,-30.000,-30.000
,0.929E+08,-30.000,-30.000,55.025,-30.000,-30.000,54.139,0.0,0.0,-30.000,-30.000
,0.930E+08,-30.000,-30.000,55.025,-30.000,-30.000,54.139,0.0,0.0,-30.000,-30.000
,0.931E+08,-30.000,-30.000,55.025,-30.000,-30.000,54.139,0.0,0.0,-30.000,-30.000
,0.932E+08,-30.000,-30.000,55.025,-30.000,-30.000,54.139,0.0,0.0,-30.000,-30.000
,0.933E+08,-30.000,-30.000,55.025,-30.000,-30.000,54.139,0.0,0.0,-30.000,-30.000
,0.934E+08,-30.000,-30.000,55.025,-30.000,-30.000,54.139,0.0,0.0,-30.000,-30.000
,0.935E+08,-30.000,-30.000,55.025,-30.000,-30.000,54.139,0.0,0.0,-30.000,-30.000
,0.936E+08,-30.000,-30.000,55.025,-30.000,-30.000,54.139,0.0,0.0,-30.000,-30.000
,0.937E+08,-30.000,-30.000,55.025,-30.000,-30.000,54.139,0.0,0.0,-30.000,-30.000
,0.938E+08,-30.000,-30.000,55.025,-30.000,-30.000,54.139,0.0,0.0,-30.000,-30.000
,0.939E+08,-30.000,-30.000,55.025,-30.000,-30.000,54.139,0.0,0.0,-30.000,-30.000
,0.940E+08,-30.000,-30.000,55.025,-30.000,-30.000,54.139,0.0,0.0,-30.000,-30.000
,0.941E+08,-30.000,-30.000,55.025,-30.000,-30.000,54.139,0.0,0.0,-30.000,-30.000
,0.942E+08,-30.000,-30.000,55.025,-30.000,-30.000,54.139,0.0,0.0,-30.000,-30.000
,0.943E+08,-30.000,-30.000,55.025,-30.000,-30.000,54.139,0.0,0.0,-30.000,-30.000
,0.944E+08,-30.000,-30.000,55.025,-30.000,-30.000,54.139,0.0,0.0,-30.000,-30.000
,0.945E+08,-30.000,-30.000,55.025,-30.000,-30.000,54.139,0.0,0.0,-30.000,-30.000
,0.946E+08,-30.000,-30.000,55.025,-30.000,-30.000,54.139,0.0,0.0,-30.000,-30.000
,0.947E+08,-30.000,-30.000,55.025,-30.000,-30.000,54.139,0.0,0.0,-30.000,-30.000
,0.948E+08,-30.000,-30.000,55.025,-30.000,-30.000,54.139,0.0,0.0,-30.000,-30.000
,0.949E+08,-30.000,-30.000,55.025,-30.000,-30.000,54.139,0.0,0.0,-30.000,-30.000
,0.950E+08,-30.000,-30.000,55.025,-30.000,-30.000,54.139,0.0,0.0,-30.000,-30.000
,0.951E+08,-30.000,-30.000,55.025,-30.000,-30.000,54.139,0.0,0.0,-30.000,-30.000
,0.952E+08,-30.000,-30.000,55.025,-30.000,-30.000,54.139,0.0,0.0,-30.000,-30.000
,0.953E+08,-30.000,-30.000,55.025,-30.000,-30.000,54.139,0.0,0.0,-30.000,-30.000
,0.954E+08,-30.000,-30.000,55.025,-30.000,-30.000,54.139,0.0,0.0,-30.000,-30.000
,0.955E+08,-30.000,-30.000,55.025,-30.000,-30.000,54.139,0.0,0.0,-30.000,-30.000
,0.956E+08,-30.000,-30.000,55.025,-30.000,-30.000,54.139,0.0,0.0,-30.000,-30.000
,0.957E+08,-30.000,-30.000,55.025,-30.000,-30.000,54.139,0.0,0.0,-30.000,-30.000
,0.958E+08,-30.000,-30.000,55.025,-30.000,-30.000,54.139,0.0,0.0,-30.000,-30.000
,0.959E+08,-30.000,-30.000,55.025,-30.000,-30.000,54.139,0.0,0.0,-30.000,-30.000
,0.960E+08,-30.000,-30.000,55.025,-30.000,-30.000,54.139,0.0,0.0,-30.000,-30.000
,0.961E+08,-30.000,-30.000,55.025,-30.000,-30.000,54.139,0.0,0.0,-30.000,-30.000
,0.962E+08,-30.000,-30.000,55.025,-30.000,-30.000,54.139,0.0,0.0,-30.000,-30.000
,0.963E+08,-30.000,-30.000,55.025,-30.000,-30.000,54.139,0.0,0.0,-30.000,-30.000
,0.964E+08,-30.000,-30.000,55.025,-30.000,-30.000,54.139,0.0,0.0,-30.000,-30.000
,0.965E+08,-30.000,-30.000,55.025,-30.000,-30.000,54.139,0.0,0.0,-30.000,-30.000
,0.966E+08,-30.000,-30.000,55.025,-30.000,-30.000,54.139,0.0,0.0,-30.000,-30.000
,0.967E+08,-30.000,-30.000,55.025,-30.000,-30.000,54.139,0.0,0.0,-30.000,-30.000
,0.968E+08,-30.000,-30.000,55.025,-30.000,-30.000,54.139,0.0,0.0,-30.000,-30.000
,0.969E+08,-30.000,-30.000,55.025,-30.000,-30.000,54.139,0.0,0.0,-30.000,-30.000
,0.970E+08,-30.000,-30.000,55.025,-30.000,-30.000,54.139,0.0,0.0,-30.000,-30.000
,0.971E+08,-30.000,-30.000,55.025,-30.000,-30.000,54.139,0.0,0.0,-30.000,-30.000
,0.972E+08,-30.000,-30.000,55.025,-30.000,-30.000,54.139,0.0,0.0,-30.000,-30.000
,0.973E+08,-30.000,-30.000,55.025,-30.000,-30.000,54.139,0.0,0.0,-30.000,-30.000
,0.974E+08,-30.000,-30.000,55.025,-30.000,-30.000,54.139,0.0,0.0,-30.000,-30.000
,0.975E+08,-30.000,-30.000,55.025,-30.000,-30.000,54.139,0.0,0.0,-30.000,-30.000
,0.976E+08,-30.000,-30.000,55.025,-30.000,-30.000,54.139,0.0,0.0,-30.000,-30.000
,0.977E+08,-30.000,-30.000,55.025,-30.000,-30.000,54.139,0.0,0.0,-30.000,-30.000
,0.978E+08,-30.000,-30.000,55.025,-30.000,-30.000,54.139,0.0,0.0,-30.000,-30.000
,0.979E+08,-30.000,-30.000,55.025,-30.000,-30.000,54.139,0.0,0.0,-30.000,-30.000
,0.980E+08,-30.000,-30.000,55.025,-30.000,-30.000,54.139,0.0,0.0,-30.000,-30.000
,0.981E+08,-30.000,-30.000,55.025,-30.000,-30.000,54.139,0.0,0.0,-30.000,-30.000
,0.982E+08,-30.000,-30.000,55.025,-30.000,-30.000,54.139,0.0,0.0,-30.000,-30.000
,0.983E+08,-30.000,-30.000,55.025,-30.000,-30.000,54.139,0.0,0.0,-30.000,-30.000
,0.984E+08,-30.000,-30.000,55.025,-30.000,-30.000,54.139,0.0,0.0,-30.000,-30.000
,0.985E+08,-30.000,-30.000,55.025,-30.000,-30.000,54.139,0.0,0.0,-30.000,-30.000
,0.986E+08,-30.000,-30.000,55.025,-30.000,-30.000,54.139,0.0,0.0,-30.000,-30.000
,0.987E+08,-30.000,-30.000,55.025,-30.000,-30.000,54.139,0.0,0.0,-30.000,-30.000
,0.988E+08,-30.000,-30.000,55.025,-30.000,-30.000,54.139,0.0,0.0,-30.000,-30.000
,0.989E+08,-30.000,-30.000,55.025,-30.000,-30.000,54.139,0.0,0.0,-30.000,-30.000
,0.990E+08,-30.000,-30.000,55.025,-30.000,-30.000,54.139,0.0,0.0,-30.000,-30.000
,0.991E+08,-30.000,-30.000,55.025,-30.000,-30.000,54.139,0.0,0.0,-30.000,-30.000
,0.992E+08,-30.000,-30.000,55.025,-30.000,-30.000,54.139,0.0,0.0,-30.000,-30.000
,0.993E+08,-30.000,-30.000,55.025,-30.000,-30.000,54.139,0.0,0.0,-30.000,-30.000
,0.994E+08,-30.000,-30.000,55.025,-30.000,-30.000,54.139,0.0,0.0,-30.000,-30.000
,0.995E+08,-30.000,-30.000,55.025,-30.000,-30.000,54.139,0.0,0.0,-30.000,-30.000
,0.996E+08,-30.000,-30.000,55.025,-30.000,-30.000,54.139,0.0,0.0,-30.000,-30.000
,0.997E+08,-30.000,-30.000,55.025,-30.000,-30.000,54.139,0.0,0.0,-30.000,-30.000
,0.998E+08,-30.000,-30.000,55.025,-30.000,-30.000,54.139,0.0,0.0,-30.000,-30.000
,0.999E+08,-30.000,-30.000,55.025,-30.000,-30.000,54.139,0.0,0.0,-30.000,-30.000
